"rab.all"	"rab.win.OVA.R"	"rab.win.SH.R"	"rab.sample.C16"	"rab.sample.C28"	"rab.sample.C40"	"rab.sample.C52"	"rab.sample.C64"	"rab.sample.C76"	"rab.sample.C88"	"rab.sample.C5"	"rab.sample.C14"	"rab.sample.C26"	"rab.sample.C38"	"rab.sample.C50"	"rab.sample.C62"	"rab.sample.C74"	"rab.sample.C86"	"rab.sample.C3"	"diff.btw"	"diff.win"	"effect"	"overlap"	"we.ep"	"we.eBH"	"wi.ep"	"wi.eBH"	"label"
"TACAGAGGTCTCAAGCGTTGTTCGGAATCACTGGGCGTAAAGCGTGCGTAGGCTGTTTCGTAAGTCGTGTGTGAAAGGCGCGGGCTCAACCCGCGGACGGCACATGATACTGCGAGACTAGAGTAATGGAGGGGGAACCGGAATTCTCGGTGTAGCAGTGAAATGCGTAGATATCGAGAGGAACACTCGTGGCGAAGGCGGGTTCCTGGACATTAACTGACGCTGAGGCACGAAGGCCAGGGGAGCGAAAGGG"	9.91008165629267	11.464555418751	8.60480107885174	12.9506293983612	13.0950638731791	9.3226515356835	11.9947466347522	9.82136812588807	10.358524498386	12.7345503283434	10.9396759287822	6.33556382278137	2.85219938767363	8.05517988357421	9.99957720711389	9.18982652631944	9.19738628738152	10.1935630270065	4.96618377714763	3.58530460410871	3.01013805057406	1.1877532582454	0.0779731742460062	0.00468487559105801	0.158331831636532	0.00238442113442113	0.0776446102211659	"Significant"
"TACGGAGGATGCGAGCGTTATCCGGATTTATTGGGTTTAAAGGGTGCGTAGGCGGCCTGCCAAGTCAGCGGTAAAATTGCGGGGCTCAACCCCGTACAGCCGTTGAAACTGCCGGGCTCGAGTGGGCGAGAAGTATGCGGAATGCGTGGTGTAGCGGTGAAATGCATAGATATCACGCAGAACCCCGATTGCGAAGGCAGCATACCGGCGCCCTACTGACGCTGAGGCACGAAAGTGCGGGGATCAAACAGG"	8.76291036241845	10.5401070496904	7.89425758538461	8.78405512365075	10.9716366955371	10.0928568209786	9.77445437601661	9.93972476165708	12.2148634582697	12.2848435359401	11.6841946312733	6.7421410304449	6.87908341040843	8.45298530927996	7.89925294315602	8.74098092004649	7.36961883302948	7.88854772675771	8.42640999981212	3.04552762852351	1.5325691944034	1.83175250965905	0.0058660882265042	0.000152810636070575	0.0165562146611048	0.000210033022533023	0.0184250118878251	"Significant"
"TACGGAGGATGCGAGCGTTATCCGGATTTATTGGGTTTAAAGGGTGCGTAGGCGGCCTGCCAAGTCAGCGGTAAAATTGCGGGGCTCAACCCCGTACAGCCGTTGAAACTGCCGGGCTCGAGTGGGCGAGAAGTATGCGGAATGCGTGGTGTAGCGGTGAAATGCATAGATATCACGCAGAACCCCGATTGCGAAGGCAGCATACCGGCGCCCGACTGACGCTGAGGCACGAAAGTGCGGGGATCAAACAGG"	7.04038213241008	8.83390076892907	6.18981157168342	6.80230772082875	9.41215874448863	8.22365167567359	7.60558341368139	8.0745064476396	10.6092103123716	10.7206175558251	10.0680096526092	-3.86448752128557	4.4268213094028	6.50383497630578	6.95474286737813	7.10232348619673	5.70835610764908	5.39669299931786	6.57545875712267	3.35134535862826	2.43051561215628	1.28851937849068	0.0332042805109939	0.0199312330211703	0.267464423574303	0.000645881895881896	0.0365640841523103	"Significant"
"TACGGAGGATGCGAGCGTTATCCGGATTTATTGGGTTTAAAGGGTGCGTAGGCGGAGTGTCAAGTCAGCGGTAAAATTTCGGGGCTCAACCCCGTCGTGCCGTTGAAACTGACACCCTTGAGTGAGTGAGAAGTAAGCGGAATGCGTGGTGTAGCGGTGAAATGCATAGATATCACGCAGAACGCCGATTGCGAAGGCAGCTTACCGGCGCTCAACTGACGCTGAGGCACGAAAGTGCGGGTATCGAACAGG"	8.17035513837766	10.0039785644929	7.60844012508529	11.6278583127989	11.7808869663072	10.046097064451	11.3793524388425	7.90371884580317	9.838404608743	9.92757770083262	9.71465741859403	6.63475512954799	7.46804222124666	7.44143558171024	6.62917456693038	7.99302114644723	7.910201555647	8.3719208974117	7.71798115527058	2.7258443726222	1.53074118990618	2.02271607569445	0.0449227178997418	0.00029673614241731	0.0252039295724406	0.000916618104118104	0.0442570275572474	"Significant"
"TACGGAGGATGCGAGCGTTATCCGGATTTATTGGGTTTAAAGGGTGCGCAGGCGGGCTGTTAAGCCGGCGGTAAAAATTCAGGGCTCAACCCTGTCGAGCCGTCGGAACTGGCAGTCTTGAGTGGGCGAGAAGTATGCGGAATGCGTGGTGTAGCGGTGAAATGCATAGATATCACGCAGAACGCCGATTGCGAAGGCAGCATACCGGCGCCCAACTGACGCTGAGGCACGAAAGCGTGGGGATCGAACAGG"	7.76090406505118	10.3714042993596	5.04567648725858	10.3911550426136	10.5588958749167	8.07535014623561	9.57564904817054	9.33261182977646	10.3965181232922	10.4769360464836	11.6191885092959	3.26874104928941	4.99310023364336	4.96845645817516	4.93118255700767	4.59912528746209	7.37596431550213	7.01518471330155	6.76561806067219	4.68866213767371	1.92933167089282	2.49438131211045	0.000137056276785441	7.27016647613353e-06	0.00151661729029548	0.000155400155400155	0.0153104858893211	"Significant"
"TACGTAGGGGGCAAGCGTTATCCGGATTTACTGGGTGTAAAGGGAGCGTAGACGGCAGCGCAAGTCTGGAGTGAAATGCCGGGGCCCAACCCCGGAACTGCTCTGGAAACTGTGAAGCTGGAGTGCAGGAGAGGTAAGCGGAATTCCTGGTGTAGCGGTGAAATGCGTAGATATCAGGAGGAACACCGGCGGCGAAGGCGGCTTACTGGACTGTAACTGACGTTGAGGCTCGAAGGCGTGGGGAGCAAACAGG"	7.39081326329961	8.78602757436131	6.83976756531604	9.85428371018743	8.69375317033582	9.01118838458115	7.47799815372434	7.23116038792474	8.8657372091265	7.7079044099295	9.39787730762171	7.28211737601182	6.66922130502726	7.01385027539311	7.0722014283616	6.11819409820107	-2.19278836603797	6.41054947185031	8.39174007867872	1.8726288817998	1.56111851384162	0.983682579098496	0.0643280583714074	0.0683473910793559	0.423090438437163	0.0019473581973582	0.0681238621590715	"Significant"
"TACGTAGGTGGCAAGCGTTATCCGGAATTATTGGGCGTAAAGAGCGCGCAGGTGGTTAATTAAGTCTGATGTGAAAGCCCACGGCTTAACCGTGGAGGGTCATTGGAAACTGGTTGACTTGAGTGCAGAAGAGGGAAGTGGAATTCCATGTGTAGCGGTGAAATGCGTAGAGATATGGAGGAACACCAGTGGCGAAGGCGGCTTCCTGGTCTGCAACTGACACTGAGGCGCGAAAGCGTGGGGAGCAAACAGG"	4.91409986729626	7.96527448599484	0.23205351597036	8.67621891914976	10.1133165919894	9.09028392992985	7.92779436376158	6.31555562458134	8.02426275655356	7.11252477802099	7.75152801958623	-3.27257300466373	2.11438614889746	0.979804116590417	2.95208720282965	-3.93511303218208	-2.03590645793099	1.88243733923259	-3.08636294942393	8.06257440385805	3.31771456922727	2.53294997209379	0.000137056276785441	0.000371228682590536	0.0242014280312237	0.000155400155400155	0.0153104858893211	"Significant"
"TACGAAGGGGGCAAGCGTTGTTCGGAATTACTGGGCGTAAAGGGAGTGTAGGCGGTTTAGTAAGATAGTGGTGAAATCCCAGGGCTTAACTTTGGAATTGCCATTATAACTATTAGACTAGAATTACAGAGAGGATAGTGGAATACCCAGTGTAGAGGTGAAATTCGTAGATATTGGGTAGAACACCAGTGGCGAAGGCGACTATCTGGCTGTACATTGACGCTGAGGCTCGAAAGCATGGGGATCAAACAGG"	6.9255377058846	8.38237202099346	4.15346741289132	7.76987383110586	9.56346310584679	7.43596690955756	9.35554077334394	8.12363669758293	8.03734944140314	9.34674419076579	8.6398482332992	4.15245911233727	3.33614780441124	4.07119249088061	3.84591975758206	6.21656599851468	5.45817607312587	4.85959817189511	2.50166156072557	4.23309159606199	1.54395581766579	2.70271317443126	0.000137056276785441	3.68242669223359e-06	0.000954794370600268	0.000155400155400155	0.0153104858893211	"Significant"
"TACGGAGGATGCGAGCGTTATCCGGATTTATTGGGTTTAAAGGGTGCGCAGGCGGCGTGTCAAGTCAGCGGTAAAATGTCGGGGCTCAACCCCGGCCGGCCGTTGAAACTGGCGTGCTCGAGTTGGAGAGAAGTATGCGGAATTCGTGGTGTAGCGGTGAAATGCATAGATATCACGAAGAACCCCGATTGCGAAGGCAGCATACCGGCTCCACACTGACGCTGAGGCACGAAAGCGTGGGTATCGAACAGG"	7.41310206684721	8.10159053519389	6.19967814333128	8.32242581866287	9.17734891971637	7.40239250920818	7.82607654536244	7.42840279126594	8.30529913827129	7.95099901408936	8.24177908644835	5.85647315447812	6.60867846529823	5.9538806445156	6.03077150132032	5.54007901656663	7.71967483589236	7.07449830838065	6.35625673334016	1.74417887327181	0.899802553038271	1.86319774095169	0.0389873287630664	0.000209436350076405	0.0197775200826744	0.000761217948717949	0.0406070526370127	"Significant"
"TACGGAGGGTGCAAGCGTTGTCCGGAATCATTGGGCGTAAAGAGTTCGTAGGCGGTATGTTAAGTCTGGTGTTAAATGCAGAAGCTCAACTTCTGTTCGGCACTGGATACTGGCAAACTAGAATGCGGTAGAGGTAAAGGGAATTCCTGGTGTAGCGGTGAAATGCTTAGATATCAGGAGGAACATCGGTGGCGTAAGCGCTTTACTGGGCCGTAATTGACGCTGAGGAACGAAAGCCAGGGTAGCAAATGGG"	3.78680504098987	-2.83524276123829	7.65436925861574	-3.24330695217991	-2.41717894650234	-3.61742729528698	-3.1861590043477	-2.75167604959061	-1.88524558421365	-2.83168150409731	-2.64482271504191	7.5998588238839	5.55232082654185	7.59003637833301	8.45142316458935	10.1966778963602	8.18363313334577	7.64628196328338	6.97324199010561	-10.7746045809008	2.87082111761726	-3.77966799639162	0.000137056276785441	4.31076276704162e-05	0.0043884188263561	0.000155400155400155	0.0153104858893211	"Significant"
"TACGTAGGGGGCGAGCGTTATCCGGATTTACTGGGTGTAAAGGGAGCGCAGGCGGTGTGGCAAGTCAGATGTGAAAACCCGGGGCCCAACCCCGGGACTGCATTTGAAACTGCCATGCTGGAGTGCCGGAGAGGCAAGTGGAATTCCTAGTGTAGCGGTGAAATGCGTAGATATTAGGAGGAACACCAGTGGCGGAGGCGGCTTGCTGGACGGTAACTGACGCTGAGGCTCGAAAGCGTGGGGAGCAAACAGG"	3.12401869711483	-2.74103482439095	7.17330831620312	-2.58076497623623	-2.39360578886885	-3.68040963120307	-3.13559925823937	-2.5834351608646	-2.33615264015843	-2.79235326110316	-2.8180581098902	9.55167737798241	6.47585717961926	7.22408207878844	5.49533804235283	7.98493234883554	7.55160579554834	4.76378301361764	7.11929379428653	-9.92146829886529	2.94499954313456	-3.53264216756602	0.000137056276785441	0.000103495537187358	0.00610550917881434	0.000155400155400155	0.0153104858893211	"Significant"
"TACGGAGGATGCGAGCGTTATCCGGATTTATTGGGTTTAAAGGGTGCGCAGGCGGAGGCACAAGTCAGCGGTAAAATCGCGGGGCTCAACCCCGCTCCGCCGTTGAAACTGTGTCCCTTGAGTGCGCGAAGGGTAGGCGGAATGCGTGGTGTAGCGGTGAAATGCATAGATATCACGCAGAACTCCGATCGCGAAGGCAGCCTACCGGCGCGCGACTGACGCTCATGCACGAAAGCGTGGGTATCGAACAGG"	7.1322301776424	7.67677517437079	6.41628956382176	7.19321996232242	8.10041309361819	6.97503973481822	7.21074660568945	7.47755072921234	8.41882297845237	8.28846907545817	7.8376871402722	7.13469397915303	6.52520661134971	6.30101384876757	6.65348497479197	4.72643162724816	7.50945109025164	6.01177680791377	5.72898110087143	1.30031029579662	1.03042608970732	1.28216596758522	0.0662773579261915	0.00321273318648342	0.132779184792415	0.00351957070707071	0.0943277484138966	"Significant"
"TACGGAGGATGCGAGCGTTATCCGGATTTATTGGGTTTAAAGGGTGCGTAGGCGGAGTGTCAAGTCAGCGGTAAAATTTCGGGGCTCAACCCCGTCGTGCCGTTGAAACTGACGCCCTTGAGTGAGTGAGAAGTAAGCGGAATGCGTGGTGTAGCGGTGAAATGCATAGATATCACGCAGAACGCCGATTGCGAAGGCAGCTTACCGGCGCTCAACTGACGCTGAGGCACGAAAGTGCGGGTATCGAACAGG"	6.51037948500845	7.85470295120229	5.49186001103695	8.00517358745387	8.54452310072815	6.92322421447276	8.08269879877558	6.17454532096615	7.43348500036897	7.84211358240978	7.89623531642779	-3.69483953420379	4.98054150973773	5.25354717849451	-3.25443962601894	6.00855742897831	6.1763823496122	6.76033881632167	5.75479362926478	2.26823405175483	1.79640987385013	1.19459986457704	0.0332042805109939	0.0388851864910947	0.346934436535491	0.000628885003885004	0.0360937791154486	"Significant"
"TACGTAGGGTGCGAGCGTTATCCGGATTTATTGGGCGTAAAGGGCTCGTAGGCGGTTCGTCGCGTCCGGTGTGAAAGTCCATCGCCTAACGGTGGATCTGCGCCGGGTACGGGCGGGCTGGAGTGCGGTAGGGGAGACTGGAATTCCCGGTGTAACGGTGGAATGTGTAGATATCGGGAAGAACACCAATGGCGAAGGCAGGTCTCTGGGCCGTTACTGACGCTGAGGAGCGAAAGCGTGGGGAGCGAACAGG"	5.72090461359931	7.74046276724584	2.99080062279698	6.67458350136124	8.34106830856086	6.51308059417193	7.10300717406804	6.50999613488631	9.42679939426412	8.75856197444504	8.27239133018434	2.17489649287478	3.22395596695289	2.34510562055367	4.31004557401104	2.86941744302765	4.83794570094664	2.52199288082824	3.15635701673055	4.39467581529533	1.71349265572023	2.65498777113068	0.000137056276785441	1.27605480242999e-06	0.000505578709580069	0.000155400155400155	0.0153104858893211	"Significant"
"TACGTAGGGGGCAAGCGTTATCCGGATTTACTGGGTGTAAAGGGAGCGCAGACGGCAGTGCAAGTCTGGAGTGAAAGCCCGGGGCTCAACCCCGGGACTGCTTTGGAAACTGCATAGCTGGAGTGCTGGAGAGGCAAGCGGAATTCCTAGTGTAGCGGTGAAATGCGTAGATATTAGGAAGAACACCAGTGGCGAAGGCGGCTTGCTGGACAGTAACTGACGTTGAGGCTCGAAAGCGTGGGGAGCAAACAGG"	4.47558855323734	2.77945808608505	7.07938342565283	3.56982697948369	2.31700272996527	4.16544166242651	3.05497393559866	-2.78932015643952	-1.85467352489963	-2.27813099455754	4.19091655880487	7.43747657387828	8.86117828668564	8.29374989028068	6.61366708400107	7.91595799886593	4.70329421151882	5.32990538619287	6.21275244092668	-4.83829124254271	3.45086718631508	-1.490103684125	0.00197273405648325	0.00302873749246815	0.108529318641263	0.000182109557109557	0.0166551026706031	"Significant"
"TACGTAGGGGGCTAGCGTTATCCGGAATTACTGGGCGTAAAGGGTGCGTAGGTGGTTTCTTAAGTCAGAGGTGAAAGGCTACGGCTCAACCGTAGTAAGCCTTTGAAACTGGGAAACTTGAGTGCAGGAGAGGAGAGTGGAATTCCTAGTGTAGCGGTGAAATGCGTAGATATTAGGAGGAACACCAGTTGCGAAGGCGGCTCTCTGGACTGTAACTGACACTGAGGCACGAAAGCGTGGGGAGCAAACAGG"	5.18829458204093	6.44612082741118	4.31708215232632	6.66386815011634	7.06706153493731	6.61455372912518	5.10762597848306	5.25680582861422	7.65341754641244	6.26338132880598	5.62425454170772	-2.80305701797961	-3.08797769041449	4.23591040960342	4.86772566748656	3.38791194718064	5.66869044894672	4.48677013171184	4.85811776226085	2.21125903915084	2.0428137349119	0.957937895601628	0.0468758059650558	0.0311973676277508	0.321972382952102	0.00131847319347319	0.0527491175684425	"Significant"
"TACGTAGGGGGCAAGCGTTATCCGGATTTACTGGGTGTAAAGGGAGCGTAGGCGGTTTAGCAAGTCAGAAGTGAAAGCCCGGGGCTCAACTCCGGGACTGCTTTTGAAACTGTTGAACTAGATTGCAGGAGAGGTAAGTGGAATTCCTAGTGTAGCGGTGAAATGCGTAGATATTAGGAGGAACACCAGTGGCGAAGGCGGCTTACTGGACTGTAAATGACGCTGAGGCTCGAAAGCGTGGGGAGCAAACAGG"	5.85876647052195	-2.4624354214652	6.96272091888353	-2.80421765253567	-2.98556400512121	-3.37522681497142	-3.30364057293419	-2.51533013002788	-2.60717414299782	-2.67971619143467	4.98921427070239	6.97285214230213	9.13819123521708	6.72744227473255	8.94974943718202	6.60423891786289	7.54204378659012	6.88967522457845	6.84264322031355	-9.85971508025969	3.6400504279733	-2.54076873298203	0.000137056276785441	0.000311578568983569	0.0233928610894626	0.000155400155400155	0.0153104858893211	"Significant"
"TACGTAGGGGGCAAGCGTTATCCGGATTTACTGGGTGTAAAGGGAGCGTAGACGGCTTGGCAAGCCAGATGTGAAAGGCTGGGGCTCAACCCCAGGACTGCATTTGGAACTGTCATGCTAGAGTGTCGGAGAGGCAGGCGGAATTCCTAGTGTAGCGGTGAAATGCGTAGATATTAGGAGGAACACCAGTGGCGAAGGCGGCCTGCTGGACGATGACTGACGTTGAGGCTCGAAAGCGTGGGGAGCAAACAGG"	3.86807880650008	1.07605827475234	4.88288902876913	2.22662715238522	-2.36915042384637	4.26629899117025	-3.10081105355155	3.44014281394394	-2.24029521657426	2.3652084929477	-2.93464277724402	7.53944755863067	7.39537532731599	6.0166108154682	4.28693100399929	5.12199799731983	3.23174555659715	4.49706603154336	4.61712504176293	-4.63632484453289	3.67400119491592	-1.16902857276182	0.0409365980850238	0.00665524827838776	0.168015694938183	0.00123955905205905	0.050636032171335	"Significant"
"TACGAAGGGTGCAAGCGTTGTTCGGATTTACTGGGCGTAAAGCGTCCGTAGGTGGTTTGTTAAGTCAGGGGTGAAATCCCGGGGCCCAACCCCGGAACTGCCTTTGATACTGGCAAGCTGGAGCGTGATAGAGGAAGATGGAATATCTGGTGTAGGGGTGAAATCCGTAGATATCAGATGGAACACCAATGGCGAAGGCAGTCTTCTGGATCATCGCTGACACTGAGGGACGAAAGCGTGGGTAGCAAACAGA"	3.60155731086755	4.54360647726689	2.67124487633575	4.66386487471993	6.13385081419254	3.23715029286895	3.98150189986723	3.88319261596601	4.34795468110897	5.06906809172619	6.75866048253048	3.26463495437714	-3.37430240489383	2.18619980551401	3.05233675708418	3.55449495372448	-2.23961241146124	3.63889901505401	-2.89802127935468	2.79185220550502	3.27860225694731	0.96746271342061	0.046784430210055	0.019546406645858	0.267071978529401	0.00206148018648019	0.065777046041421	"Significant"
"TACGTAGGGAGCAAGCGTTATCCGGATTTATTGGGTGTAAAGGGTGCGTAGACGGGAAATTAAGTTAGTTGTGAAATCCCTCGGCTTAACTGAGGAACTGCAACTAAAACTGATTTTCTTGAGTGTTGGAGAGGAAAGTGGAATTCCTAGTGTAGCGGTGAAATGCGTAGATATTAGGAGGAACACCAGTGGCGAAGGCGACTTTCTGGACAATAACTGACGTTGAGGCACGAAAGTGTGGGGAGCAAACAGG"	-0.409123426338862	3.90269401416793	-3.18372604647909	3.1994585955471	-2.08783927907369	2.31399735580801	2.10886261803113	4.48720021730719	5.1715567234887	5.90631190768382	6.98358070717324	-3.35975321399504	-3.24868577440855	-3.78418562263435	-3.57129233150042	-3.50476383642674	-1.89542163341213	-2.61312390742525	-3.27092094578836	7.07634937647389	4.1759489267735	1.62730539398801	0.0584801669422865	0.0030512841532208	0.0692260176765809	0.0024123445998446	0.0645749778243694	"Significant"
"TACGTAGGTGGCAAGCGTTGTCCGGAATTACTGGGTGTAAAGGGAGCGTAGGCGGGAGATCAAGTTGGACGTTAAATTCATCGGCTCAACCGGTGCAAGCGTTCAAAACTGGTTTTCTTGAGTGGAGTAGAGGTAAGCGGAATTCCTAGTGTAGCGGTGAAATGCGTAAATATTAGGAGGAACACCAGTGGCGAAGGCGGCTTACTGGGCTTTAACTGACGCTGAGGCTCGAAAGCGTGGGTAGCAAACAGG"	3.55312004899769	-0.963803710617501	4.74830999448823	2.19892537545189	-2.42561728760223	-3.52324523362887	2.90833573871125	-2.64369075928665	-2.207022237601	-3.09855855045173	4.11192282279451	4.26450582170203	4.92186571773645	4.43141969907423	0.761962580612689	6.58894131593296	5.27396863563646	4.59699492070003	4.99066824897268	-5.33002514305805	4.38823758794525	-1.14367356325882	0.0545815799777585	0.00724795744622688	0.179714212936967	0.00200199106449106	0.0672400639217364	"Significant"
"TACGTAGGGGGCGAGCGTTATCCGGATTTATTGGGCGTAAAGCGTTCGTAGGCGGTTTGTTAAGTCTGAGATTTAAGCCCGAAGCTTAACTTCGGTTCGTTTCAGAAACTGGCAGACTTGAGTGTGGTAGAGGCAAGTGGAATTTCTAGTGTAGCGGTTAAATGCGTAGATATTAGAAGGAACACCAGTGGCGAAGGCGGCTTGCTGGGCCATTACTGACGCTGAGGAACGAAAGCGTGGGGAGCAAATAGG"	-0.446043298401367	3.63872128824838	-3.28179444006513	-2.68945900337169	4.06992303906187	2.38528915643735	3.42876817203518	3.25577463741605	3.8537059987268	5.01648073579259	4.49472805832017	-3.49144246581988	-3.11169972794207	-4.01532030137472	-3.32711110978981	-3.72648144214885	-2.20260329711123	-3.137720162122	-3.29810396212546	6.67941151444676	3.63872231775023	1.7198146284771	0.0507819905968064	0.00402600057968263	0.0768502927027159	0.00285912004662005	0.0735090044565107	"Significant"
