	28-4	A2	ASF356	Acetatifactor	Acetitomaculum	Acinetobacter	Actinobacillus	Aerococcus	Agathobacter	Akkermansia	Alistipes	Alloprevotella	Anaerofustis	Anaeroplasma	Anaerosporobacter	Anaerostipes	Anaerotruncus	Anaerovorax	Angelakisella	Atopostipes	Azospira	Bacillaceae	Bacilli	Bacteria	Bacteroidales	Bacteroides	Bacteroidetes	Bacteroidia	Barnesiella	Bifidobacterium	Bilophila	Blautia	Burkholderiaceae	Butyricicoccus	Butyrivibrio	CAG-873	Caldicoprobacter	Candidatus_Arthromitus	Candidatus_Saccharimonas	Candidatus_Soleaferrea	Candidatus_Stoquefichus	Chloroplast	Christensenellaceae	Christensenellaceae_R-7_group	Clostridia	Clostridiaceae_1	Clostridiaceae_2	Clostridiales	Clostridiales_vadinBB60_group	Clostridium_sensu_stricto_1	Cuneatibacter	Cyanobacteria	DNF00809	Deltaproteobacteria	Desulfovibrionaceae	Dubosiella	Eggerthellaceae	Eisenbergiella	Enhydrobacter	Enterorhabdus	Erysipelatoclostridium	Erysipelotrichaceae	Faecalibacterium	Faecalibaculum	Family_XIII	Family_XIII_AD3011_group	Family_XIII_UCG-001	Firmicutes	Flavonifractor	GCA-900066225	GCA-900066575	GCA-900066755	Gammaproteobacteria	Gastranaerophilales	Haemophilus	Harryflintia	Herbinix	Holdemanella	Hydrogenoanaerobacterium	Intestinimonas	Lachnoclostridium	Lachnospiraceae	Lachnospiraceae_FCS020_group	Lachnospiraceae_NK3A20_group	Lachnospiraceae_NK4A136_group	Lachnospiraceae_NK4B4_group	Lachnospiraceae_UCG-001	Lachnospiraceae_UCG-004	Lachnospiraceae_UCG-006	Lachnospiraceae_UCG-010	Lactobacillales	Lactobacillus	Lactonifactor	Lawsonella	Marvinbryantia	Mitochondria	Mollicutes	Mollicutes_RF39	Muribaculaceae	Muribaculum	Odoribacter	Olsenella	Oscillibacter	Oscillospira	Parabacteroides	Paracoccus	Parasutterella	Parvibacter	Pasteurellaceae	Peptococcaceae	Phocea	Porphyromonadaceae	Prevotella_9	Prevotellaceae	Prevotellaceae_UCG-001	Proteobacteria	Pseudoflavonifractor	Pseudogracilibacillus	Reyranella	Rhodospirillales	Rikenellaceae	Rikenellaceae_RC9_gut_group	Romboutsia	Roseburia	Ruminiclostridium	Ruminiclostridium_5	Ruminiclostridium_6	Ruminiclostridium_9	Ruminococcaceae	Ruminococcaceae_NK4A214_group	Ruminococcaceae_UCG-002	Ruminococcaceae_UCG-003	Ruminococcaceae_UCG-005	Ruminococcaceae_UCG-009	Ruminococcaceae_UCG-010	Ruminococcaceae_UCG-013	Ruminococcaceae_UCG-014	Ruminococcus_1	Shuttleworthia	Sporobacter	Sporosarcina	Staphylococcus	Subdoligranulum	Turicibacter	Tyzzerella	Tyzzerella_3	UBA1819	UC5-1-2E3	Veillonella	Verrucomicrobiales	XBB1006
C1	0	0	30	14	0	0	0	0	0	12990	11651	2851	0	0	0	76	33	0	208	0	0	0	0	0	4	2283	0	3	0	204	29	0	0	0	30	0	13	0	0	0	0	0	49	29	0	0	0	32	148	1093	0	0	6	0	5065	1032	3	0	0	8	73	0	0	0	12	19	12	0	0	31	166	0	0	74	0	103	0	0	0	295	674	1244	13	0	3971	0	0	14	92	0	0	566	0	0	0	0	0	351	66087	1445	1577	0	163	0	1641	0	2284	0	0	251	0	0	0	0	1238	0	6	0	0	44	0	174	129	638	131	133	261	1102	573	8	0	0	90	65	87	45	3791	65	0	0	0	0	0	927	10	0	103	0	0	0	0
C14	4	143	121	896	0	0	0	0	0	193	15293	1903	6	0	0	0	374	24	3	0	0	0	0	0	3	3685	3	0	0	11	83	3	0	268	209	0	0	15	2	0	30	3	39	38	0	0	0	67	387	0	0	0	6	0	6029	271	0	0	0	8	183	0	0	0	2	12	24	0	0	154	2696	0	0	881	0	177	21	0	74	870	1898	6523	170	0	3662	0	2462	6	385	22	0	187	0	0	40	0	0	600	58156	2268	2068	8	783	0	388	0	1640	0	0	255	0	0	0	0	971	0	0	0	0	68	0	25	0	888	897	429	135	2076	585	83	0	188	124	264	25	51	3282	95	24	0	0	3	0	0	24	33	785	0	0	0	0
C26	0	61	163	435	0	0	0	0	0	13	14320	170	0	0	0	0	396	11	0	0	0	0	0	9	18	1708	0	0	2	18	83	4	0	278	113	6	0	0	0	0	0	0	31	76	0	0	0	61	138	29	0	0	4	0	6369	147	0	0	0	3	13	0	7	0	0	4	14	0	8	94	1447	0	0	178	0	131	0	0	53	420	1666	5089	81	0	7649	0	2269	7	84	18	4	126	0	0	17	0	0	219	41434	1718	2393	0	935	0	121	0	1061	0	0	288	28	0	0	0	1002	0	3	0	0	19	0	158	0	733	1145	188	89	1369	573	52	9	231	147	322	0	1	933	28	39	0	0	0	0	8	18	46	430	50	0	0	0
C38	0	90	115	847	0	0	0	0	0	781	12958	593	0	0	0	2	737	28	236	0	0	0	0	0	0	1661	0	0	0	15	96	0	0	933	139	0	0	0	0	0	16	0	34	59	0	0	0	94	262	56	0	0	7	0	8377	746	0	0	0	1	113	0	0	0	1	40	12	4	35	92	2456	0	0	747	0	154	0	0	96	553	1460	6569	452	0	8333	0	2296	0	209	56	0	398	0	0	6	0	0	1609	65437	2755	1819	0	772	0	183	0	2038	0	0	314	61	0	0	0	1073	0	2	0	0	62	0	23	55	2510	1488	513	67	1854	814	30	18	630	104	252	17	13	6462	44	0	0	0	0	0	6	19	0	1242	43	0	0	0
C50	0	22	67	947	2	0	0	0	0	2083	10583	663	0	0	0	0	167	0	83	0	0	0	0	4	3	1968	0	0	2	41	49	0	0	467	179	0	0	0	0	0	67	0	30	165	0	0	0	117	291	48	0	0	0	0	8218	453	0	0	0	18	252	82	0	0	31	34	31	0	0	52	1973	0	0	794	0	212	0	0	90	397	1314	4113	263	0	9574	0	1742	20	109	11	0	272	0	0	14	0	0	565	55633	2035	1886	9	1220	0	1489	0	1441	0	0	437	0	0	0	0	1644	0	0	0	0	47	0	0	59	1249	796	356	90	1790	909	29	11	186	240	409	39	11	2090	0	0	0	0	0	0	16	44	0	386	47	0	0	4
C62	0	2	89	264	0	0	0	0	5	1688	13358	3953	0	0	0	8	154	0	265	0	0	0	0	7	0	1666	0	9	0	21	100	0	0	554	64	2	9	19	0	0	0	0	57	67	0	0	0	174	806	0	0	0	0	0	6924	1182	0	0	0	8	31	69	0	0	23	48	18	0	14	115	829	0	0	4345	0	95	0	0	262	1420	903	3342	89	0	10118	0	1429	33	144	10	0	315	0	0	17	0	0	1463	38710	1336	4160	0	1307	0	277	0	1013	0	0	278	0	0	0	0	2640	8	4	0	0	541	0	63	30	3641	2111	840	211	3239	1025	27	17	256	247	230	15	57	7297	884	0	0	0	0	0	0	9	73	768	21	0	0	0
C74	0	11	50	196	0	0	0	0	9	673	9866	260	0	0	0	0	221	0	71	0	0	0	0	14	7	2636	0	0	2	32	21	0	0	91	49	0	0	0	3	4	0	0	15	36	0	0	0	28	224	0	0	0	8	0	3265	2421	0	87	0	0	325	27	8	12	32	44	2	0	4	72	631	0	0	783	0	91	0	0	34	492	246	1800	67	0	4577	0	547	8	31	17	0	594	0	0	21	0	0	742	80302	3746	2036	0	325	0	190	0	2871	0	0	168	0	0	2	0	2048	0	0	0	0	165	0	50	57	1267	405	167	63	815	270	37	4	26	51	65	36	84	2545	7	0	0	0	0	0	0	10	0	240	0	0	0	0
C86	0	13	25	126	0	0	0	0	7	1627	8528	4213	0	0	0	0	135	4	105	0	0	0	0	9	0	2417	0	2	0	8	20	0	0	80	31	4	0	0	0	0	0	0	21	52	0	0	0	57	299	0	0	0	10	0	2833	1315	11	0	0	0	135	38	0	7	10	18	7	0	17	31	582	0	0	630	0	20	0	0	0	337	530	1685	19	0	2103	0	363	8	44	11	0	187	0	0	21	0	0	879	64296	2898	1437	0	296	0	238	0	1861	4	0	82	0	0	4	0	2504	0	0	0	0	201	0	138	30	553	271	89	29	664	309	46	0	38	87	84	9	9	2362	218	0	0	0	5	0	5	0	0	564	8	0	0	0
C3	0	109	75	281	0	0	0	0	0	68	11758	1556	0	0	0	104	296	0	55	0	0	0	0	14	0	1433	0	6	0	19	148	0	0	305	124	0	0	0	4	0	4	0	9	83	0	0	0	50	243	0	0	0	0	0	7308	1235	0	0	0	24	13	75	5	0	27	18	11	3	0	33	982	0	0	455	0	59	0	0	46	634	1144	3642	214	0	6372	0	1153	11	142	16	0	576	0	0	24	0	0	449	63277	2584	2282	0	1084	0	39	0	1509	0	0	282	18	0	0	0	1237	0	4	0	0	104	0	14	64	2794	959	617	180	1427	572	14	0	131	111	229	4	29	1558	16	0	0	0	0	0	0	11	22	1069	12	0	0	0
C15	0	621	76	336	0	0	0	0	9	10572	11001	1443	0	0	92	0	78	28	93	0	0	0	0	4	14	3407	0	0	0	135	154	3	4	197	37	0	0	0	4	0	1	0	58	117	3	0	0	213	116	3108	0	0	0	0	5379	395	14	0	0	16	33	92	0	38	62	62	15	0	0	55	540	0	0	1058	0	93	0	0	1	377	772	5607	60	0	8594	0	1464	56	41	8	0	1337	0	0	0	0	0	597	39974	1348	1832	0	337	0	442	0	2801	0	0	125	27	0	2	0	925	0	0	0	0	223	0	38	426	2968	553	571	565	1116	683	27	0	230	61	276	15	79	3455	296	0	3	0	0	0	2424	46	54	370	0	0	0	0
C27	0	0	53	49	0	2	0	0	0	14269	13399	4530	0	6	0	87	29	0	0	0	0	0	0	0	3	4255	0	0	3	41	8	0	0	49	13	0	15	0	0	0	4	0	320	42	0	0	0	95	217	1232	0	0	7	0	4267	99	0	25	0	0	224	43	0	0	36	41	0	0	0	51	412	0	0	4582	0	117	0	0	0	655	512	2168	52	0	4179	0	273	10	0	4	0	208	0	0	0	0	0	841	22227	1380	1549	0	249	0	1813	0	1443	0	0	124	0	0	0	0	2327	4	0	0	0	2151	4	105	162	768	147	109	342	1451	511	6	0	21	239	120	79	63	2610	35	0	0	0	0	0	1231	11	61	70	0	0	0	0
C39	0	0	44	123	0	0	0	0	0	15207	12683	5424	0	0	0	731	26	0	0	0	0	0	0	0	11	2245	0	0	0	101	36	0	0	50	16	0	17	0	0	0	0	0	128	96	0	0	0	57	217	121	0	0	5	0	4591	344	0	0	0	0	138	41	0	15	137	36	7	0	0	34	292	0	0	651	0	100	0	0	0	169	99	1243	13	0	4896	0	367	16	20	8	0	854	0	0	0	0	0	430	44834	1008	1612	4	237	0	1108	0	2100	0	0	80	0	0	0	0	1638	0	0	0	0	337	2	32	78	71	187	83	358	1375	256	0	0	98	99	29	62	72	3390	274	0	0	0	0	0	728	9	21	270	0	0	0	0
C51	0	18	13	388	0	0	0	0	0	18924	10804	3205	0	0	0	672	429	0	0	0	0	0	0	3	3	4872	0	2	3	30	8	0	0	95	82	3	0	0	0	0	0	0	215	21	0	4	0	65	163	1414	5	0	0	3	4350	117	0	0	0	4	125	150	0	0	45	50	19	0	0	57	647	0	0	6917	0	122	0	0	40	226	399	3926	53	0	5552	19	782	15	6	5	0	670	0	0	0	0	0	838	20483	972	1723	0	559	0	4703	0	1403	0	0	127	0	0	0	3	4621	0	0	0	0	607	2	19	224	1297	639	156	573	1028	819	7	0	104	305	115	33	19	4040	241	0	0	0	0	0	1231	23	74	251	0	0	0	0
C63	0	0	18	102	0	0	0	0	0	19634	11853	4889	0	0	0	675	37	0	1	0	0	0	0	0	4	3769	0	0	0	148	20	0	0	33	0	4	21	0	4	0	0	0	189	133	0	0	0	57	371	122	0	0	0	0	2315	399	7	0	0	0	122	0	6	21	124	19	0	0	0	32	94	0	0	831	0	81	0	0	34	147	49	777	5	0	4142	0	175	0	10	5	0	913	0	0	0	0	0	465	47132	1157	1385	4	308	0	1196	0	2777	0	0	30	0	0	0	0	2131	0	0	0	0	816	0	37	82	59	169	30	193	1152	243	5	0	64	87	31	80	22	3961	579	0	0	0	0	0	777	0	0	177	0	0	0	0
C75	0	31	225	369	0	0	0	0	12	5826	15875	4427	0	0	0	2623	152	39	592	0	0	0	0	18	6	2529	0	3	2	13	302	0	0	312	13	0	64	0	2	4	5	0	66	123	0	0	0	191	322	1885	0	0	0	0	9860	87	0	11	0	9	71	295	0	3	68	69	19	0	10	129	1124	0	0	1722	0	285	230	0	238	599	1109	5850	102	0	13423	0	2073	47	76	18	0	486	0	0	12	0	0	1386	34419	965	3135	0	1710	0	1079	0	1294	0	0	268	0	0	2	0	966	2	0	0	0	339	0	53	173	3944	1400	409	960	2060	1699	40	0	173	258	302	18	113	3576	361	30	0	0	0	0	1713	14	187	670	3	0	0	0
C87	0	37	77	448	0	0	0	0	8	10241	10453	5937	0	0	0	600	195	0	65	0	0	0	0	3	14	4302	0	2	0	149	36	0	0	57	17	0	25	0	0	1	0	0	35	52	0	0	0	92	1071	0	0	0	0	0	8216	14	13	0	0	0	60	0	0	61	11	32	12	0	8	54	198	0	0	898	0	107	0	0	72	481	217	2541	6	0	13816	0	392	7	38	0	0	673	0	0	0	3	0	1257	38185	1970	8474	3	605	0	310	0	1468	0	0	106	24	6	0	0	1496	5	0	0	0	393	0	93	19	386	280	77	923	1220	525	52	13	127	59	91	208	18	2868	240	0	0	0	0	0	1057	2	31	293	6	0	0	0
C4	0	0	70	75	0	0	0	0	0	21633	13504	7119	0	0	0	33	311	10	144	5	0	0	2	2	0	4316	0	0	0	46	17	0	0	87	0	0	23	0	0	0	30	0	58	73	0	0	0	45	860	380	0	0	0	0	999	85	0	0	0	0	599	25	4	7	18	40	3	0	0	64	100	0	0	5583	0	38	0	0	0	206	190	1946	13	0	1312	0	440	0	10	0	0	487	0	0	23	0	0	2001	30497	998	2817	0	234	0	2181	0	1264	0	0	53	0	0	0	0	5160	0	0	0	0	1815	0	108	99	481	146	70	104	1283	741	21	0	41	73	41	48	50	6661	1386	0	0	9	0	0	1043	0	39	58	0	0	0	0
C16	0	0	55	134	0	0	0	0	12	13560	8547	6112	0	0	0	0	230	34	13	0	0	0	0	12	3	2590	0	3	2	177	15	0	0	19	19	0	0	0	0	0	0	0	67	81	0	0	0	122	410	975	0	0	0	0	5526	581	0	22	0	10	340	0	0	13	85	78	18	0	6	97	1298	0	0	789	0	197	0	0	0	320	584	2882	185	0	9395	0	887	4	43	16	0	259	0	0	42	0	0	957	54770	1801	2652	0	1202	0	1614	0	2781	0	0	262	0	0	0	0	3112	0	8	0	0	421	0	132	176	1279	195	65	70	1445	421	6	0	51	122	177	61	76	4723	26	0	0	0	0	10	703	29	0	67	6	0	0	0
C28	0	0	68	25	0	0	8	0	0	10104	8043	7056	0	0	0	129	109	0	89	0	0	0	0	2	8	2019	0	0	0	374	12	0	0	40	32	4	0	0	0	3	0	0	51	48	0	0	0	17	351	754	0	0	0	0	2524	1572	17	0	0	0	17	72	0	39	11	29	0	0	0	9	363	0	0	543	0	49	0	1	31	183	258	749	34	0	2294	0	200	0	9	3	0	457	3	0	4	0	0	1061	59180	2308	1934	0	239	0	167	0	3807	0	0	88	0	0	0	0	1228	0	0	0	0	951	0	55	155	500	223	189	41	868	185	34	0	60	66	89	133	76	2197	136	0	0	0	0	0	1274	15	26	218	0	0	4	0
C40	0	0	44	261	0	0	0	0	0	1434	13388	7273	8	0	0	0	157	18	98	0	0	0	0	11	4	2304	0	0	2	205	26	0	0	386	43	0	6	0	0	0	0	0	22	47	0	0	4	38	173	648	0	0	0	0	10732	1031	0	0	0	16	41	72	0	49	55	77	1	0	16	54	1567	0	0	612	0	151	0	0	119	424	956	3111	115	0	3864	0	134	12	56	11	0	696	0	0	20	0	0	2212	42653	2247	2159	0	513	0	366	0	2675	0	0	232	0	0	0	0	1087	0	3	0	0	410	0	63	219	1225	670	291	97	1282	641	29	0	248	87	139	21	154	6711	719	0	0	0	0	0	1225	1	25	307	23	0	0	0
C52	0	13	45	197	0	0	0	0	0	8421	9850	2143	0	0	0	0	175	27	58	0	0	0	0	16	6	2310	0	3	0	282	18	0	0	123	51	0	0	0	0	0	0	0	40	62	0	0	3	63	550	365	0	4	5	3	11921	1517	0	0	0	0	45	35	5	19	1	0	14	0	4	88	686	0	0	862	0	248	0	0	93	483	394	2460	94	0	5858	0	322	24	38	0	0	294	0	0	8	0	0	594	70406	3128	2633	0	849	0	604	0	3071	0	0	359	0	0	5	0	2299	7	0	0	0	1389	0	233	71	993	756	206	45	1584	670	77	4	100	272	234	77	67	3079	30	0	0	0	0	0	494	26	12	567	5	0	0	0
C64	0	0	133	402	2	0	0	0	0	1621	8760	9842	0	0	0	0	21	0	31	0	0	0	0	14	0	4026	0	0	0	161	44	0	0	278	23	0	0	0	0	0	0	0	25	34	0	0	0	98	395	0	0	0	6	0	5466	961	0	69	0	7	67	68	0	14	15	13	5	3	6	36	1205	0	0	532	6	148	91	0	37	632	1868	2386	497	0	5842	0	626	24	27	0	0	403	0	3	45	0	0	820	29081	1374	1167	0	669	0	1086	0	1888	0	0	219	0	0	0	0	1587	0	0	0	0	525	6	40	68	1328	1419	215	19	1390	586	65	0	86	73	124	22	68	1271	0	0	0	0	0	0	142	5	34	193	0	0	0	0
C76	0	62	51	148	0	10	0	0	0	1393	8954	6553	0	0	0	44	92	0	81	0	0	0	0	5	4	3416	0	2	0	731	0	0	0	45	31	3	12	0	0	0	1	0	32	44	0	0	0	16	197	9	0	0	0	0	1977	2678	15	0	0	0	99	123	3	87	16	37	2	0	0	3	341	2	0	359	6	13	25	0	13	162	316	429	10	0	2182	0	293	0	0	0	0	563	0	0	4	0	0	808	69233	2875	2567	0	313	0	283	5	5107	0	0	65	0	3	2	0	1560	0	0	0	0	295	0	211	211	361	138	97	7	345	267	43	0	39	15	47	32	55	3678	72	0	0	0	0	0	274	11	6	132	0	0	0	0
C88	0	5	16	170	0	0	0	0	0	9919	16390	105	0	0	0	0	53	0	130	0	0	0	0	4	0	10136	0	0	0	631	42	0	0	54	14	3	0	0	0	0	0	0	76	47	0	0	0	55	550	0	0	0	10	0	8356	2743	17	9	0	0	268	231	0	24	53	6	16	0	15	43	2930	0	0	2253	0	180	44	0	102	417	478	3232	80	0	3769	0	81	3	20	0	0	315	0	0	10	0	0	1661	51555	1395	2290	0	527	0	2720	0	5408	0	0	315	0	0	3	0	3795	0	0	0	0	994	0	64	112	1275	578	55	128	1501	590	118	5	85	156	218	47	106	2016	105	25	0	0	0	0	198	51	0	842	6	0	3	0
C5	2	0	53	47	0	0	0	0	0	2917	11592	3502	0	0	0	105	131	0	136	0	0	0	0	7	4	4254	0	0	0	464	0	0	0	154	37	0	0	0	0	0	22	3	47	101	0	0	0	59	366	14	0	0	0	0	1858	1908	0	0	0	8	211	0	4	40	42	32	7	0	0	13	413	0	0	361	0	68	0	0	21	171	299	2706	51	0	3127	0	281	0	26	0	0	623	0	0	14	0	0	1668	67697	3783	2042	4	203	3	361	0	4777	0	0	67	0	0	1	0	3172	0	0	0	0	756	0	155	73	358	201	87	28	842	265	49	0	77	41	35	49	71	7929	63	0	0	0	0	0	321	12	0	136	16	0	0	0
C17	0	0	0	73	0	0	0	0	0	9700	16522	3176	0	0	0	1079	23	0	34	0	0	0	0	2	9	3258	0	0	4	104	27	0	0	60	27	0	26	0	0	0	0	0	162	112	0	0	0	16	299	1320	0	0	0	0	4141	92	0	9	0	0	73	171	3	94	35	56	0	0	7	17	402	0	0	1561	0	83	0	0	32	371	141	2002	14	0	5802	0	285	8	20	9	0	578	0	0	0	0	0	964	38985	1698	3289	0	447	0	809	0	1848	0	0	62	0	0	0	0	2581	0	0	0	0	712	4	87	230	773	397	396	264	2086	587	13	0	59	99	48	23	39	5778	276	0	0	0	0	0	1478	0	31	182	10	4	0	0
C29	2	147	379	56	0	0	0	0	17	23003	21560	7629	0	0	0	4745	50	3	0	0	0	0	0	7	18	4221	0	0	3	189	16	11	0	109	0	13	17	0	0	0	12	0	571	207	0	0	0	85	241	2360	0	0	0	3	12634	301	8	3	0	0	277	55	3	132	173	104	15	3	6	149	754	0	0	2558	9	293	0	0	35	248	284	5003	78	0	4116	0	4634	17	108	12	0	937	0	0	0	0	0	1197	58402	3856	3448	0	781	0	927	0	3461	0	0	232	0	0	4	0	3284	0	0	0	0	857	0	78	324	3665	956	490	1152	2365	1921	3	0	292	273	257	58	86	6215	652	0	0	0	0	4	1627	14	143	462	0	0	0	0
C41	0	82	93	283	0	0	0	0	0	8023	9571	1877	0	0	0	1970	363	15	82	0	0	0	0	8	3	2450	0	0	1	165	18	0	0	198	4	0	24	0	4	0	0	0	96	171	0	0	0	122	251	1521	0	0	0	0	12266	208	0	38	0	24	231	845	0	111	129	54	29	2	0	54	987	0	0	604	0	167	38	0	118	449	585	1882	43	0	7080	0	1941	31	54	7	0	980	0	0	0	0	0	927	41456	2480	1888	0	825	0	806	0	1959	0	0	135	0	0	0	4	1932	2	0	0	0	568	0	47	329	2785	597	126	103	1361	576	18	0	150	134	223	54	30	2516	765	1	0	0	0	3	1002	9	65	457	0	1	0	0
C53	0	0	38	47	0	0	0	0	0	26022	15431	3942	0	0	0	3875	39	0	0	0	0	0	0	8	5	2650	0	3	0	20	7	0	0	200	78	0	9	0	0	0	0	0	288	113	0	3	0	84	408	782	0	0	0	0	5303	59	0	108	0	5	207	27	0	54	151	75	0	0	4	87	709	0	0	3829	0	171	0	0	45	521	219	5285	72	0	3609	0	546	25	35	11	0	623	0	0	0	0	0	1345	26975	2819	2721	0	561	4	2546	0	1345	0	0	233	0	0	0	0	2042	7	0	0	0	627	0	21	229	2650	606	841	1184	2204	825	20	3	51	255	203	24	33	4321	263	11	0	0	3	3	941	24	32	499	23	0	3	0
C65	0	0	20	213	0	0	0	0	0	27953	15112	7373	0	0	0	808	43	22	35	0	0	0	0	0	6	3930	0	3	0	17	15	0	0	245	16	2	21	0	0	6	0	2	185	75	0	3	0	42	263	2458	0	0	0	0	10540	32	0	17	0	16	253	233	0	59	230	82	0	9	17	80	645	0	0	1815	0	287	27	0	59	501	367	3543	37	0	8618	0	1163	0	7	12	0	760	0	0	0	2	0	996	48880	1552	2184	0	581	0	2141	0	3370	0	0	176	0	0	0	0	2837	0	3	0	0	1755	0	67	208	2099	607	123	502	1608	726	1	13	51	354	217	86	64	3607	393	0	3	0	0	0	889	26	0	113	3	0	0	0
C77	0	7	27	107	0	0	0	0	0	20272	9313	4455	0	0	0	688	154	0	72	0	0	0	0	3	0	2628	4	0	0	72	15	0	0	73	0	3	22	0	0	0	14	0	92	39	0	3	0	57	83	1355	0	0	0	0	4939	155	0	0	0	0	112	95	0	58	41	32	12	6	0	45	405	0	0	1205	9	127	0	0	4	445	328	1367	0	0	3377	0	1564	0	6	0	0	274	0	0	0	0	0	489	47830	2043	1560	0	286	0	1507	0	2051	0	0	118	0	0	0	0	3030	0	0	4	0	487	0	108	118	578	374	120	67	921	680	14	0	110	82	78	31	48	2329	414	0	4	0	0	0	1021	6	9	32	0	0	0	0
C89	0	96	25	208	0	0	0	0	0	9187	14696	6879	0	0	0	313	264	16	6	0	0	0	0	31	6	5495	0	0	0	10	13	0	0	223	0	2	0	0	3	6	0	0	78	56	0	0	0	115	369	1196	0	0	0	0	16706	16	3	33	0	0	144	174	5	25	147	37	10	0	0	55	1147	0	0	815	0	211	0	0	52	356	606	5835	66	0	8784	0	2648	5	57	7	0	141	0	0	6	0	0	1427	34915	1066	4153	0	750	0	1617	0	1140	0	2	311	0	0	0	0	900	4	0	0	0	318	0	88	119	3839	970	173	117	1896	720	42	0	66	218	244	9	55	1603	36	9	0	0	0	0	391	8	38	143	0	3	3	0
C6	0	10	42	82	0	0	0	4	0	8769	10689	4283	0	0	0	344	51	0	0	5	0	0	0	12	3	2387	0	0	3	145	13	0	0	29	0	0	30	0	0	0	3	0	215	66	0	0	0	72	210	1690	0	0	0	0	4107	485	0	0	0	5	147	0	0	40	147	37	1	0	0	25	238	0	0	1329	0	104	0	0	0	113	111	1464	15	0	3285	0	559	0	3	0	0	861	0	0	0	0	0	657	50664	2759	1734	0	194	0	769	0	4250	0	0	80	0	0	0	3	2567	0	0	0	0	433	0	47	212	1034	111	73	204	767	516	7	0	19	76	61	80	34	6004	39	0	0	0	0	0	394	0	0	57	0	2	0	0
C18	0	13	58	1114	0	0	0	0	0	7541	4242	4377	0	0	0	0	325	0	124	0	0	0	0	6	4	2288	0	3	0	331	100	0	0	357	13	0	0	0	0	0	13	0	19	62	0	0	0	38	153	0	5	0	12	4	9688	215	18	0	0	7	8	29	0	20	30	20	15	0	15	59	870	0	0	8	0	99	0	0	86	378	1459	3672	228	0	9629	0	1235	34	127	0	0	1789	0	0	9	0	0	156	56147	2788	2369	4	781	0	41	0	1987	0	0	123	19	0	2	0	415	0	0	0	0	0	0	59	0	555	773	554	194	1502	1026	141	0	289	50	97	55	55	773	9	0	0	0	0	0	42	35	14	706	0	0	0	0
C30	0	7	17	177	0	0	0	0	0	8620	12134	2666	0	0	31	0	162	0	66	0	0	0	0	0	1	2636	0	0	0	275	24	0	0	17	0	0	0	0	0	0	3	0	28	150	0	0	0	310	265	174	0	0	1	0	4497	283	0	0	0	14	35	0	0	0	16	8	7	0	0	0	262	0	0	14	0	30	0	0	65	61	979	1393	36	0	2290	0	8	23	52	0	0	493	0	0	10	0	0	880	58873	3390	2708	0	84	0	74	0	2921	0	0	105	0	3	0	0	478	0	0	0	0	36	0	73	72	513	32	59	205	568	232	22	0	49	0	0	50	132	2400	0	0	0	0	0	0	161	0	0	231	4	0	0	0
C42	0	0	10	357	0	0	0	0	0	23903	7099	1259	0	0	0	0	16	0	0	0	0	0	0	13	2	1593	0	0	0	106	14	0	0	0	8	7	0	0	0	0	6	0	49	82	0	0	0	7	104	76	0	0	0	0	3113	207	0	1	0	0	195	0	0	0	21	0	10	0	0	7	498	0	0	329	0	74	0	0	0	116	536	2781	52	0	1345	0	32	16	64	0	0	255	0	0	0	0	0	362	43895	2231	1025	0	212	0	1495	0	2682	0	0	172	0	0	0	0	949	0	0	0	0	45	0	27	28	684	42	63	302	651	245	0	0	0	10	0	16	13	5931	34	0	0	0	0	2	60	6	0	267	0	0	0	0
C54	0	0	0	20	0	0	0	0	0	32940	7129	2361	0	0	0	4	58	0	0	0	0	0	0	6	0	2635	0	2	0	316	9	0	0	0	0	2	0	0	0	0	0	0	48	57	0	0	0	5	64	126	0	0	0	0	548	1094	0	0	0	0	403	41	0	13	72	29	0	0	0	0	99	0	0	1271	0	0	0	0	0	23	208	1872	5	0	1253	0	31	4	0	0	0	277	0	0	0	0	0	2064	40750	2803	1458	0	81	0	985	0	4139	0	0	17	0	0	0	0	2819	0	0	0	0	538	0	69	126	140	92	20	28	407	272	6	0	15	34	0	67	8	8114	77	0	0	0	0	6	397	0	0	32	0	0	0	0
C66	0	6	38	28	0	0	0	0	0	8484	10322	6083	0	0	0	135	13	0	4	0	6	0	0	0	7	2064	0	0	0	164	12	0	0	15	0	0	0	0	3	0	1	0	17	116	0	0	0	17	56	798	0	0	6	0	2023	1313	8	0	0	13	72	114	0	0	51	33	0	0	0	16	223	0	0	113	10	36	0	0	0	76	241	560	0	0	1444	0	218	0	10	0	0	558	0	0	6	0	0	623	83770	3380	1792	0	149	0	492	0	3624	0	0	27	0	0	0	0	1352	0	0	0	0	87	0	130	108	268	9	24	211	526	340	0	0	0	25	15	15	9	2792	78	0	0	0	5	0	486	0	0	18	0	0	0	0
C78	0	0	17	0	0	0	0	0	0	11243	5994	5551	0	0	0	2	48	0	18	0	0	0	0	0	6	1516	0	0	0	127	0	0	0	20	0	0	0	0	0	0	0	0	31	40	0	0	0	23	144	226	0	0	0	0	759	475	0	0	0	0	544	13	0	0	24	39	2	0	0	0	93	0	0	94	0	0	0	0	0	55	178	711	0	0	458	0	252	0	8	0	0	255	0	0	0	0	0	654	79378	3322	930	0	55	0	1265	0	2737	0	0	58	0	0	0	0	3452	0	0	0	0	170	0	0	54	20	40	19	2	323	122	0	0	0	0	0	22	8	7896	0	0	0	0	0	0	193	0	0	11	0	0	0	0
C90	0	13	20	117	0	0	0	0	0	958	6950	3355	0	0	0	52	92	0	26	0	0	0	0	10	15	3400	0	0	0	133	10	0	0	86	36	0	0	30	0	0	0	0	26	58	0	0	0	1975	346	35	0	0	0	0	643	106	0	0	3	12	132	61	0	772	55	71	7	3	0	4	44	0	0	55	0	13	0	0	17	128	285	1284	61	0	2887	0	255	0	32	0	0	525	0	0	0	0	0	2000	62502	3603	3719	7	129	0	139	0	4136	0	0	58	0	0	3	0	3236	0	0	0	0	86	0	265	145	387	155	39	67	657	549	23	0	18	9	0	36	32	5856	137	0	0	0	0	0	160	0	0	61	0	0	0	0
C7	0	0	30	34	0	0	0	0	0	6093	6351	10038	8	0	0	0	224	0	4	0	0	0	0	4	18	3880	0	2	0	113	0	2	0	50	0	0	0	8	4	0	0	0	42	46	0	0	0	24	434	0	0	0	17	0	1693	115	0	0	0	14	163	0	0	863	42	29	0	0	0	6	306	0	0	891	10	54	0	0	71	248	214	745	0	0	4953	0	147	8	22	3	0	556	0	0	0	0	0	316	69453	4333	3003	11	374	0	586	0	5059	0	0	58	0	0	1	0	3290	0	7	0	3	630	0	254	60	249	205	89	178	1177	964	44	0	29	30	29	140	145	2287	51	0	0	0	0	0	42	0	0	145	0	0	0	0
C19	0	6	5	42	0	0	0	0	0	10419	9374	671	0	0	0	0	429	0	3	0	0	0	0	2	9	2239	0	0	0	193	17	4	0	0	34	0	0	0	0	0	8	0	44	148	0	0	0	67	109	16	0	0	0	0	6502	1300	6	0	0	2	260	0	0	0	16	23	0	0	0	10	448	0	0	836	0	125	0	0	23	208	247	2906	0	3	792	0	253	0	24	0	0	145	0	0	0	0	0	810	51876	3191	2067	0	157	0	584	0	2627	0	0	201	0	0	2	0	2446	0	0	0	4	103	0	19	64	96	58	43	43	879	235	0	2	27	16	41	31	68	7017	53	0	0	0	0	0	6	14	0	99	9	0	0	0
C31	0	18	0	24	0	0	0	0	0	16840	4797	1202	0	0	0	88	8	0	0	0	0	0	0	3	0	1312	0	0	0	254	0	0	0	0	0	0	0	0	0	0	0	0	22	73	0	0	0	0	28	8	0	0	0	0	1834	1357	0	0	0	9	309	0	0	0	51	21	0	0	0	0	140	0	0	680	0	16	0	0	0	51	148	629	0	0	265	0	105	0	11	0	0	192	0	0	8	0	0	457	60808	3034	862	0	17	0	1395	0	2832	0	0	73	0	0	2	0	2618	0	0	0	0	212	0	158	37	13	0	0	0	417	680	6	0	0	18	13	5	9	5276	0	0	0	0	0	0	0	8	0	0	20	0	0	0
C43	0	14	0	61	0	0	0	0	10	15603	6476	1213	0	0	0	440	7	0	6	0	0	0	0	0	0	1053	0	0	0	110	8	0	0	6	0	0	0	0	0	0	2	0	33	68	0	0	0	305	108	18	0	0	0	0	2441	1298	4	0	0	0	405	0	0	3	24	11	6	0	9	13	194	0	2	500	0	32	0	0	0	71	356	2687	0	0	1063	0	160	0	76	0	0	184	0	0	4	0	0	928	69787	2259	957	0	245	0	833	0	1845	2	0	146	0	0	0	0	3113	0	0	0	0	213	0	37	26	532	82	92	3	899	201	8	0	0	54	32	13	1	6340	61	0	0	0	0	3	0	0	0	11	33	0	0	0
C55	0	4	41	145	0	0	0	0	0	13662	5685	1458	0	0	0	126	243	0	14	0	0	0	0	11	2	1347	0	0	0	198	29	0	0	29	0	0	11	0	0	0	0	0	17	31	0	0	0	28	287	13	0	0	0	0	4146	1199	5	0	0	0	78	78	0	0	33	12	3	0	0	14	319	0	0	919	0	38	0	0	64	162	281	1985	157	0	1907	0	123	19	0	0	0	204	0	0	17	0	0	513	65136	3233	1980	0	213	0	90	0	3032	0	0	154	0	5	0	0	1597	0	0	0	0	82	0	194	42	104	96	70	22	617	239	54	0	54	5	54	32	26	1921	75	0	0	0	0	0	0	7	0	35	8	0	0	0
C67	0	5	24	231	0	0	0	0	0	2065	11441	603	0	0	0	382	87	11	70	0	0	0	0	11	8	1010	0	0	2	61	39	0	0	33	26	0	0	0	3	0	5	0	21	184	0	4	0	20	155	150	0	0	12	0	6833	1341	22	0	0	16	17	59	0	26	27	11	14	0	0	10	482	0	0	238	0	38	0	0	25	284	553	1659	157	0	3654	0	155	0	52	0	0	565	4	0	8	0	0	768	50268	1810	2142	20	225	0	94	0	1989	0	0	187	0	0	4	0	622	0	0	0	0	18	0	35	98	1576	45	339	188	776	356	14	0	0	22	32	16	2	2029	9	0	0	0	0	0	22	0	0	632	6	0	0	0
C79	0	19	89	187	0	0	0	0	0	1926	9615	827	0	0	0	0	448	0	156	0	0	0	0	11	7	2624	0	0	0	0	103	0	0	247	8	7	0	8	0	0	4	0	38	81	0	0	0	44	204	535	0	0	11	0	12367	774	12	0	0	5	28	303	4	0	47	30	3	0	7	41	492	0	0	987	11	84	0	0	92	693	611	3837	188	0	4144	0	514	12	63	7	0	121	0	0	7	0	2	1226	60376	2459	3143	0	1091	0	254	0	2355	0	0	391	0	0	0	0	2488	0	3	0	0	138	0	32	111	2451	503	274	243	1455	722	19	0	43	216	105	23	38	3272	57	0	0	0	0	0	47	16	17	488	34	0	0	0
C91	0	17	47	619	5	0	0	0	0	15	13187	5173	0	0	0	0	601	12	213	0	0	0	0	33	0	1658	0	4	0	127	78	0	0	240	23	0	0	0	0	0	0	0	38	146	0	0	0	63	307	0	0	0	0	0	9193	1137	11	0	0	13	44	105	0	41	31	19	17	0	11	24	902	0	0	355	0	110	0	0	70	724	1407	2712	493	0	4411	0	182	6	170	0	0	241	0	0	83	0	0	1727	61478	2436	2522	0	690	0	99	0	1719	0	0	468	0	0	0	0	561	0	8	0	0	114	0	284	70	2591	456	241	183	1626	960	69	0	104	90	84	9	42	4186	45	4	0	0	0	0	17	3	0	914	26	0	0	0
C8	0	15	19	123	0	0	0	0	0	10463	9392	3764	0	0	0	92	147	0	20	7	0	0	0	2	0	1676	0	0	0	107	20	3	0	59	6	0	0	2	0	0	6	0	45	81	0	0	0	62	100	14	0	0	0	0	3040	1370	5	0	0	0	276	31	4	0	26	22	4	4	0	0	366	0	0	2178	0	42	0	0	0	197	291	2062	58	3	968	0	293	0	17	0	0	121	0	0	10	0	0	928	64012	3412	1779	0	213	3	727	0	3019	0	0	167	0	0	0	0	4912	0	0	0	0	441	0	170	86	493	83	66	33	782	274	5	0	21	93	24	20	32	7360	203	0	0	0	0	0	247	0	0	111	22	0	0	0
C20	0	33	14	13	0	0	0	0	0	7201	8792	5452	0	0	0	31	4	0	0	0	0	0	0	15	6	1585	0	0	0	85	0	0	0	0	0	0	0	50	0	0	2	0	71	30	0	0	0	5	47	33	0	0	0	0	986	1308	0	0	0	0	444	21	1	0	35	13	1	0	0	0	240	0	0	3285	0	0	0	0	0	199	41	1304	0	0	264	0	356	0	0	0	0	80	0	0	0	0	0	849	65490	4494	1444	0	124	0	1200	0	4251	0	0	31	0	0	1	0	4480	0	4	0	0	742	0	117	70	78	66	9	27	458	173	0	0	0	77	18	17	20	8064	402	0	0	0	0	0	180	0	0	0	0	0	0	0
C32	0	0	32	87	0	0	0	0	4	13029	10080	4822	0	0	0	0	0	0	12	0	0	1	0	3	3	1533	0	0	0	97	0	0	0	51	0	3	0	5	0	0	0	0	30	48	0	0	0	6	57	69	0	0	6	0	804	2778	6	0	0	0	272	36	7	0	17	22	0	0	0	8	120	0	0	2770	0	0	0	0	0	185	110	1505	10	0	456	0	523	0	4	0	0	131	0	0	5	0	0	1239	63927	4546	3178	0	221	0	447	0	3676	0	0	52	0	0	0	0	2898	2	0	0	0	627	0	60	196	152	71	97	0	390	203	4	0	0	120	18	30	29	7306	195	0	0	0	0	0	666	5	0	73	0	0	0	0
