"rab.all"	"rab.win.OVA_t.H"	"rab.win.OVA_t.RT"	"rab.sample.C1"	"rab.sample.C18"	"rab.sample.C30"	"rab.sample.C42"	"rab.sample.C54"	"rab.sample.C66"	"rab.sample.C78"	"rab.sample.C90"	"rab.sample.C7"	"rab.sample.C19"	"rab.sample.C31"	"rab.sample.C43"	"rab.sample.C55"	"rab.sample.C67"	"rab.sample.C79"	"rab.sample.C91"	"rab.sample.C8"	"rab.sample.C20"	"diff.btw"	"diff.win"	"effect"	"overlap"	"we.ep"	"we.eBH"	"wi.ep"	"wi.eBH"	"label"
"TACGGAGGATGCGAGCGTTATCCGGATTCATTGGGTTTAAAGGGTGCGCAGGCGGGCCTTTAAGCCGGCGGTGAAATCGCGGGGCTCAACCCCGCCGAGCCGTCGGAACTGGGGGCCTTGAGTGCGGCGGAGGCATGCGGAATGCGCGGTGTAGCGGTGAAATGCATAGATATCGCGCAGAACCCCGATTGCGAAGGCAGCGTGCCGTGCCGCCACTGACGCTGAGGCACGAAAGCGCGGGGATCGAACAGG"	7.30764126583428	8.65590348441554	6.06513216061105	8.61428629525384	8.73011558513542	7.72095731398195	7.28378015786109	8.61707074361377	9.36906521746378	7.34485107317319	9.35990899063606	9.53524080522356	-2.5712606396168	5.64012457748403	5.45677967958805	4.71807498710123	7.84720078795799	6.82825148507034	6.65374279313952	6.13843183067521	6.25999837767141	2.58137653485829	1.70666518376466	1.41808270418691	0.0399313090796451	0.0179889595342073	0.309016972392936	0.000262559132044426	0.0336624208266295	"Significant"
"TACGGAGGATGCGAGCGTTATCCGGATTTATTGGGTTTAAAGGGTGCGCAGGCGGCGTGTCAAGTCAGCGGTAAAATGTCGGGGCTCAACCCCGGCCGGCCGTTGAAACTGGCGTGCTCGAGTTGGAGAGAAGTATGCGGAATTCGTGGTGTAGCGGTGAAATGCATAGATATCACGAAGAACCCCGATTGCGAAGGCAGCATACCGGCTCCACACTGACGCTGAGGCACGAAAGCGTGGGTATCGAACAGG"	8.08850590591981	9.10392518147798	6.67658797909261	9.31734657179536	8.22383293944759	8.56868662027117	8.31856972679568	9.08533445535786	9.64613545087968	9.12371974662696	9.36640043960197	9.11639154170553	5.84252475021223	7.67522948131	7.87719434918997	6.49909433454267	7.27672731869112	6.59067202284312	6.115136356276	6.42662697255892	7.17959040942992	2.13525769034931	0.911713306480136	2.33760549958227	0.000121829657882871	4.78354407407817e-06	0.00163729006287669	4.2420814479638e-05	0.0105409564393939	"Significant"
"TACGGAGGGTGCAAGCGTTGTCCGGAATCATTGGGCGTAAAGAGTTCGTAGGCGGTATGTTAAGTCTGGTGTTAAATGCAGAAGCTCAACTTCTGTTCGGCACTGGATACTGGCAAACTAGAATGCGGTAGAGGTAAAGGGAATTCCTGGTGTAGCGGTGAAATGCTTAGATATCAGGAGGAACATCGGTGGCGTAAGCGCTTTACTGGGCCGTAATTGACGCTGAGGAACGAAAGCCAGGGTAGCAAATGGG"	4.4083804949923	-1.84396329976094	9.62959538340526	1.66532941099249	-2.97008921881803	-2.44505178380519	-1.72027799782808	-2.2764505823709	-1.32466919112088	-1.93890321279352	-2.17901765821212	-2.44852713677166	9.67704905202808	10.0982385277112	8.79899111282021	9.72255962256578	6.35295982352135	8.33541364203835	6.5437513344006	10.4314000151349	12.0943278637734	-11.0343773554897	3.58004826667314	-3.14947915224867	0.000121829657882871	1.37650112241586e-05	0.00228324426573359	4.11353352529823e-05	0.0105002228163993	"Significant"
"TACGGGGGGTGCAAGCGTTGTCCGGAATCATTGGGCGTAAAGCGTTCGTAGGCGGCAAGGTAAGTCTGATGTTAAAGCCCGGGGCTCAACTCCGGTTCGGCATTGGATACTATCTAGCTAGAATGTGGTAGAGGTAAAGGGAATTCCTGGTGTAGCGGTGAAATGCGTAGATATCAGGAGGAACATCGGTGGCGAAAGCGCTTTACTGGACCATTATTGACGCTGAGGAACGAAAGCCAGGGGAGCAAATGGG"	2.83733737721809	-1.94958403947278	5.57762678562382	-1.82274036081537	-3.14754093327409	-2.76259043046069	-1.99430559444913	-1.82085197319709	3.35690151067423	-2.08171283911503	-2.62231154561405	-2.8374084231487	2.50896024635731	3.60944484745804	5.95254581470623	4.46246624443925	5.8145455756403	5.8981018937276	5.4146328953642	5.57640011664976	6.68174567923078	-7.09733258444681	3.59862410360206	-1.88815303419299	0.00868413527163794	0.000620491621996403	0.0429695349413377	0.000107016145619087	0.0182508183197521	"Significant"
"TACGTAGGTGGCAAGCGTTGTCCGGATTTATTGGGCGTAAAGCGAGTGCAGGCGGTTCAATAAGTCTGATGTGAAAGCCTTCGGCTCAACCGGAGAATTGCATCAGAAACTGTTGAACTTGAGTGCAGAAGAGGAGAGTGGAACTCCATGTGTAGCGGTGGAATGCGTAGATATATGGAAGAACACCAGTGGCGAAGGCGGCTCTCTGGTCTGCAACTGACGCTGAGGCTCGAAAGCATGGGTAGCGAACAGG"	7.15394244204906	7.80514999179142	5.53752044627671	8.40596935302608	9.23724078490461	7.56900041242206	7.2206453815915	6.94806040224455	8.8341752284007	7.32708812935216	7.93693288308961	7.83358723197992	5.20157625398333	7.13131527309754	6.4846485332887	6.3542068119946	7.81858178109073	4.57692262576119	5.50805794278001	4.37229004897713	4.84710834708278	2.20627725266086	1.45439450352202	1.45769070533053	0.0729170633747869	0.000708048326808018	0.0695375337342948	0.0014262392019745	0.0971163994235265	"Significant"
"TACGGAGGATGCGAGCGTTATCCGGATTTATTGGGTTTAAAGGGTGCGTAGGCGGGATGCCAAGTCAGCGGTCAAATACGGGGGCTCAACCTGCGTCCGCCGTTGAAACTGGCGTTCTTGAGTGGGCGAGAAGTACGCGGAATGCGTGGTGTAGCGGTGAAATGCATAGATATCACGCAGAACCCCGATTGCGAAGGCAGCGTACCGGCGCCCGACTGACGCTGAAGCACGAAAGCGTGGGTATCGAACAGG"	6.66347431411324	7.64166698109058	6.32998392182775	6.73824464979413	7.91312437441361	7.25050168592829	6.46569411659355	7.69113766362997	7.84989483631013	7.21047986263233	7.78871290205142	8.90307916617348	5.22664154150731	6.48719043513179	6.46469024646516	6.07124222268875	6.5957899863605	3.87218650660249	6.62280757536954	6.31133425294155	6.32797991022346	1.31856789520342	1.09215698541633	1.18318072461626	0.0519936363338883	0.00163570555106163	0.106086472765753	0.00085002313862608	0.0610569680675597	"Significant"
"TACGTAGGTGGCGAGCGTTGTCCGGAATTACTGGGTGTAAAGGGAGTGTAGGCGGGAAGGCAAGTCAGAAGTGAAAATTATGGGCTCAACCCATAACCTGCTTTTGAAACTGTTTTTCTTGAGTGAAGCAGAGGCAAGCGGAATTCCTAGTGTAGCGGTGAAATGCGTAGATATTAGGAGGAACACCAGTGGCGAAGGCGGCTTGCTGGGCTTTTACTGACGCTGAGGCTCGAAAGCGTGGGGAGCAAACAGG"	3.3021180266516	6.63182411469626	-1.95793818327992	6.76633188508892	5.92936755772325	6.72834282577676	8.42003021232105	4.59223566310455	8.04686038675	-2.22977149890986	5.47003537994652	6.91842337156526	-2.32366778764217	-1.98449949853197	-2.01407248107957	-2.70013280066047	-2.63070495515901	-3.26135196945405	4.83309508298373	-2.19063467592121	-1.84895397752984	8.03791186586519	4.34252246589129	1.57507095953092	0.0675914172023402	0.00251656028291245	0.0850835772998787	0.00170808052241876	0.0931697609870115	"Significant"
"TACGTAGGGAGCGAGCGTTATCCGGATTTATTGGGTGTAAAGGGTGCGTAGACGGGAAATTAAGTTAGTTGTGAAATCCCTCGGCTCAACCGAGGAACTGCAACTAAAACTGATATTCTTGAGTACTGGAGAGGAAAGTGGAATTCCTAGTGTAGCGGTGAAATGCGTAGATATTAGGAGGAACACCAGTGGCGAAGGCGACTTTCTGGACAGAAACTGACGTTGAGGCACGAAAGTGTGGGGAGCAAACAGG"	0.26811291980972	-2.37500446064937	4.6794981133364	-2.59601549749604	-3.44944195678474	-2.37715719939507	-1.55302490574848	-2.08999208139359	-2.01931558235378	-1.48275463072438	-2.41629773984137	-2.39970302398307	4.47481269810151	6.84543463936373	4.44576700973167	4.98001963801103	4.40656338645438	3.89850552029906	-3.63598945209791	5.31219879491628	6.54656602117203	-7.02983792123197	3.57173077840739	-1.79286437040416	0.0675914172023402	0.00408752067871621	0.0894726498478241	0.00163416546688605	0.0958718521423805	"Significant"
"TACGTAGGTGGCAAGCGTTATCCGGAATGACTGGGCGTAAAGGGTGCGTAGGTGGTTTAGTAAGTTGGCGGTGTAATTCCGGGGCTCAACCTCGGCGCTACCGCCAAAACTATTAGACTAGAGTGCAGGAGGGGTAAGTGGAATTCCTAGTGTAGCGGTGGAATGCGTAGATATTAGGAGGAACATCAGGGGCGAAGGCGACTTACTGGACTGTAACTGACACTGAGGCACGAAAGCGTGGGGAGCAAACAGG"	2.11237582111179	5.70181190381467	-2.57052473925511	4.35704612818727	2.87581226649105	5.98598173612258	5.76935845038667	5.33131356652147	5.5639174638209	7.15167827262764	6.75399359623507	5.74235944249084	-1.84186632198379	-1.15769752866279	-2.46651564615043	-1.89411204458377	-2.8042060066654	-3.4378810636844	-3.30127633470839	-3.09112704411374	-2.22421029066841	8.12115954330462	3.13560566781849	2.61386281634228	0.0017505062062856	5.57782665988398e-05	0.00836711469991853	4.17780748663102e-05	0.0105635862299465	"Significant"
"TACGTAGGGGGCAAGCGTTATCCGGATTTACTGGGTGTAAAGGGAGCGTAGACGGCGAGGCAAGTCTGGAGTGAAAGCCCGGGGCTCAACCCCGGGACTGCTTTGGAAACTGCCTGGCTGGAGTGCTGGAGAGGCAAGCGGAATTCCTAGTGTAGCGGTGAAATGCGTAGATATTAGGAAGAACACCAGTGGCGAAGGCGGCTTGCTGGACAGTAACTGACGTTGAGGCTCGAAAGCGTGGGGAGCAAACAGG"	0.54700168588336	-2.18726040298144	3.4885923621653	-2.82362848772163	-3.19745492025557	-2.20673306184974	-1.73246593357027	-2.05038044952857	-1.85156935630421	-1.27558167868713	-2.76207866259525	-2.10184809799261	3.11713748834084	5.22615509695625	5.09621581125208	3.01271204485112	2.05413647396556	3.97835143789983	3.33619342553861	3.90465305586055	-1.85551657052141	-5.64407880176034	3.29542181341441	-1.58685913997285	0.0520839030030847	0.00249361510136568	0.0867792988387473	0.0010270979020979	0.0681311375486223	"Significant"
