"rab.all"	"rab.win.OVA_t.H"	"rab.win.OVA_t.RT"	"rab.sample.C1"	"rab.sample.C18"	"rab.sample.C30"	"rab.sample.C42"	"rab.sample.C54"	"rab.sample.C66"	"rab.sample.C78"	"rab.sample.C90"	"rab.sample.C7"	"rab.sample.C19"	"rab.sample.C31"	"rab.sample.C43"	"rab.sample.C55"	"rab.sample.C67"	"rab.sample.C79"	"rab.sample.C91"	"rab.sample.C8"	"rab.sample.C20"	"rab.sample.C32"	"diff.btw"	"diff.win"	"effect"	"overlap"	"we.ep"	"we.eBH"	"wi.ep"	"wi.eBH"	"label"
"A2"	-1.65908601208534	-3.42933461180305	-1.2608071851019	-6.24655438163166	-1.50631575540223	-1.26067655142	-5.920078308148	-5.85808837415228	-1.33359560134318	-4.81464234380719	-0.926157843112163	-6.8005016012133	-1.47211305892831	1.59608389877165	-0.0853367343871545	-2.34843899339752	-2.42692173290027	-1.47987864228224	-1.34981639404979	-0.677318070932801	1.71007362179842	-5.86966714121512	-2.6918216255429	3.99738259600135	-0.539132404245472	0.244791753351724	0.0856625471645137	0.419488313698846	0.0898590573513174	0.460626443575896	"Not significant"
"ASF356"	0.171793316524242	0.296625231029914	-0.0167052245012744	0.432994239626755	0.649116492795536	0.080075586842252	-0.285815711119669	-5.56187925785691	1.2793200655843	1.39957975670803	-0.262533122984273	0.285072921749306	-1.73158811967599	-5.36878505946578	-5.6503576346717	0.995688545404812	-0.244481242861395	0.760299014333467	0.13413288234706	-0.316450827324075	0.440275115892113	1.08648716338974	0.308319970032358	2.53821945050938	0.0846611461865629	0.411458356292595	0.520895792500973	0.853703727727356	0.562462957901232	0.903310796667776	"Not significant"
"Acetatifactor"	2.13985174110526	1.11669512784805	2.2758327689833	-0.633434577936911	4.8826962950102	3.41833614915135	4.81631807794319	0.836963945634056	0.818421670353083	-5.62661836825	2.30987563775919	0.526803771747514	1.33952852694581	1.98248629313772	2.1234826086396	2.83873095577674	3.05676038425066	1.82488355088515	3.83088257476708	2.39204609880154	0.320327083796023	2.51198338614067	-0.766598042826907	2.79451648425215	-0.212359249722893	0.415944562379157	0.431141760943035	0.834071885330738	0.543537828270801	0.918244189619076	"Not significant"
"Agathobacter"	-5.95495523378317	-6.16267781598738	-5.73609251133854	-6.73154370787892	-6.91315923964644	-6.23040109340653	-6.55752007072324	-5.40003697660739	-6.29902779792564	-4.50990259566648	-6.73829965552684	-6.21070221563837	-6.12691237914931	-5.22526638879466	-0.499860180914873	-6.51261674567253	-6.69747939647579	-7.91182523304682	-7.35905081813047	-6.72246005789761	-5.64244954693682	-1.8108098252072	-0.775389813587206	4.91123987354402	-0.13137143462598	0.435008682058385	0.491149448084127	0.814965427806455	0.560300139102384	0.864345685826117	"Not significant"
"Akkermansia"	9.17961084084199	9.1204507088158	9.24180639939031	9.21908386275507	7.64469676104969	9.02449721467895	10.8794313659108	11.5621409914591	9.07333326911588	10.7348093002779	5.32733728203337	7.96632689166776	9.2533222571363	11.3909359071412	10.0822550466435	9.358983884385	6.20466259180933	5.18637331415697	-1.55897342268242	8.78519392196183	9.41468575062741	9.73323536271329	0.30124874803376	3.46826303202121	0.0854678395197847	0.461805565205286	0.369737630483633	0.812940428583267	0.787803237783888	0.961143233904034	"Not significant"
"Alistipes"	8.98048972024963	9.14176053329617	8.78143658647563	9.06782401116832	6.7944741365091	9.52054576959786	9.13366291548548	9.35765180233563	9.35665265679416	9.82585023627897	8.2016324024079	8.03042476007308	9.10607722066464	9.58579651165624	8.81246685210503	8.07899929275825	8.67255007631672	7.50502600778631	8.24204830185522	8.63729611774772	9.70168586652025	9.36079124962513	0.130063778650364	1.21969426486399	0.0981194177678403	0.454072801888179	0.867031002445961	0.955777262170671	0.740769582584598	0.949098719069009	"Not significant"
"Alloprevotella"	7.13614913574003	7.37188417792461	6.72769506974391	7.03122599609166	6.86071043606542	7.33326726394341	6.63318883312037	7.75903285806305	8.5875571201326	9.71176408732129	7.13816856797602	8.70031823174635	5.2831109423651	7.58945976531289	6.40886927833894	6.13327586111594	4.43417057657629	3.97127170683424	6.89330716692636	7.31181352196445	9.01376028353077	8.29009884565763	1.10507816660855	2.01453349471918	0.549051389657947	0.293402840352852	0.0736343096228773	0.436111871132924	0.121054762768192	0.545928195715323	"Not significant"
"Anaerosporobacter"	-6.24242130290544	-5.86468168820591	-6.5227813943137	-6.77708164993504	-7.83637614476245	0.967063419084472	-6.11428308882036	-5.82176487843459	-6.03155771848825	-4.62728299081859	-6.52239061543133	-6.69967897480134	-6.06264724325363	-4.74849557396225	-6.11812377344732	-6.582896785447	-7.14439407221672	-8.08356490339374	-7.46428345178519	-6.77153968071871	-5.74309560266543	-6.47730254760772	1.00008333178866	5.19665845641733	0.175387703177342	0.425347241400525	0.491981276119919	0.787100230314232	0.525697575450865	0.833722367233999	"Not significant"
"Anaerostipes"	-1.06011396705552	-2.05946310513206	1.81503988711299	1.78722963822134	-7.59312603655613	-6.1577804624715	-5.82715399753361	-1.45851316427807	3.10517318298092	-1.68816249946489	1.13127571508499	-7.03289413528853	-6.29498722268502	3.82660556390944	4.91798312809854	2.57933848008385	3.78489122504963	-7.67260106961654	-7.72159381928508	1.96340153587536	1.5590990196062	-5.99970815534463	-2.05141920824491	8.3451406570836	-0.240285477566034	0.362847259474296	0.495514741452452	0.842662768384754	0.347888566541817	0.811464164600691	"Not significant"
"Anaerotruncus"	2.36547107534109	2.41389197499528	2.16264730596717	0.602060162155746	3.08143678105405	3.27345847155699	0.213781937844582	2.44972086075948	-0.31726299993286	2.86281747847491	1.91895420423688	3.21057465841708	4.66013735353431	0.462657599272068	-0.954700371872285	3.52267557391315	1.63379528179023	3.0920428151289	3.80478670227809	2.6424675007372	-1.16211779842975	-5.95856063543254	0.0704442508209224	3.1804091474513	0.0271119137110088	0.493055557300151	0.509841329865017	0.862177631408601	0.899356617647059	0.978089325027838	"Not significant"
"Anaerovorax"	-5.78608500304762	-6.1619190944899	-5.46848972283077	-6.59355975244738	-7.46965963497738	-6.36050157635095	-5.29864847066005	-5.4830076542971	-6.15053340483557	-4.80434862498668	-6.60406191586224	-6.37454810068315	-6.27935881880292	-4.84335678943124	-6.01725459051485	-6.76015922733161	-1.3232248734317	-7.75513300466635	-1.75664236373298	-6.664605489235	-5.49494674266122	-5.78707813816667	-1.30655167868469	4.81944978644752	-0.221926824612859	0.395833360684315	0.455331295478513	0.770303062198334	0.487400443016736	0.812433139929288	"Not significant"
"Angelakisella"	-0.393361509792193	0.0963167951228119	-0.507053937275384	3.26083240063114	1.72590050956435	1.98474296776142	-6.21043218007287	-5.59589845110245	-2.04524073550239	1.48454145192866	0.0963167951228119	-2.4937222990859	-2.47797458391702	-5.22085728912129	-1.31080701667391	-0.590675682144079	1.27083289687767	1.59439485280057	2.31152501822248	-0.276787970166543	-5.18670070424144	-0.301138377297615	0.425861634139568	4.64975770325256	0.0749696480732634	0.447140394662983	0.762202563384917	0.932812123976966	0.754185080592782	0.95452662643297	"Not significant"
"Bacteria"	-2.12495351633409	-2.79976138023028	-1.70228841917218	-6.54531935279725	-2.67550479075725	-6.30493768027695	0.0533131276651115	-0.823208073326653	-6.45627431158491	-4.42948912127148	-1.18140000714732	-2.53017338124429	-2.89830976209615	-0.826208655398923	-6.41697551104488	-0.831473862342913	-1.34071685230968	-2.18806239058629	-0.379669653813936	-3.40245124352	0.573806675083821	-2.11331701305432	-1.17164589209694	3.63013251885974	-0.288334053450281	0.357638927800625	0.292893072527662	0.709002407536436	0.314963891565091	0.770108253077574	"Not significant"
"Bacteroidales"	-2.5562193374819	-1.93887156699024	-2.99134471122927	-2.31312548972668	-3.20892777132148	-3.78888306131932	-2.7801498061331	-4.92381169072206	-1.0938326117709	-0.0302124717111578	-0.603221964949084	-0.392953987410221	-0.912613267962945	-5.7253476934277	-5.90179608980667	-3.24561277144684	-1.79892016292679	-2.83412740082129	-8.00181853572802	-6.81975560987099	-0.826810861865134	-2.30018936471261	1.40019687165854	3.64196812068532	0.353141599072074	0.333333380428293	0.222364087197009	0.642469774257616	0.263053026694668	0.703086333462079	"Not significant"
"Bacteroides"	6.88527758905597	7.17249538677255	6.20004331205092	6.70900079202079	5.91332625897232	7.32689446407794	6.9948599598175	7.910323716755	7.02231428699957	7.84921206460096	7.17010525672138	7.31884417941327	7.04110295424794	7.70576597978297	6.2041590719956	6.00613275003293	5.16810902759262	5.63563771416279	5.26063973310109	6.13888685137751	7.24026625934538	6.6371431617648	0.873723003709971	1.02761071976124	0.749588860527625	0.218370987131662	0.0335541201698725	0.313666514167387	0.0522505020134664	0.377054637178474	"Not significant"
"Bacteroidia"	-5.04315530489325	-4.16183456065588	-5.90829792564213	-2.68855444175118	-3.46411471999606	-6.36241105430952	-5.48861538498775	-2.21921328505004	-6.63182963327822	-4.44645514450785	-6.4974908057253	-3.34830786421467	-6.08369757545602	-4.41839556783637	-6.02868399056261	-6.31858352026515	-6.62405949543072	-7.95123832105374	-3.43812925399254	-6.687281382184	-5.62682515575773	-6.08169343323335	1.34565490756843	3.98861464372547	0.31735769657355	0.338541711941726	0.401103255475092	0.707235549407873	0.320102425631644	0.683682081776799	"Not significant"
"Bifidobacterium"	3.06394296277251	3.25747365023491	2.74775441545841	3.21361874647075	3.11993851514104	4.07330226374596	3.05626397006976	4.88044140995795	3.38798690221487	4.24756853317988	2.47852012209882	2.2030246340362	3.52974928331992	5.3711566425431	2.93690705095367	3.24744417256205	1.14730991923069	-7.75071437574646	1.57443448784537	2.18759820720585	2.99394530775576	2.68943687032087	0.806195736527995	1.79327112247967	0.248436216543306	0.313691561951268	0.195587850164556	0.684948735772706	0.168774288791704	0.624869748316477	"Not significant"
"Bilophila"	-0.11611405600971	-0.163330382076586	-0.0700843860282188	0.39892220767122	1.37633621153646	0.52268493482654	0.176224774257265	-0.276836897712621	-0.333901265743851	-4.61005679620189	-1.14467058934994	-7.2458190579758	0.0608061455655653	-4.75271448066566	-0.817898376514064	0.488768055823813	0.467020562855368	0.989688666838124	0.85713586458342	-0.188945777034469	-5.18998672806811	-5.74554290674986	0.02461389540849	4.52287915943045	0.00519983586148647	0.496527778649949	0.738130199780487	0.925584757209904	0.822741717454372	0.962885048256467	"Not significant"
"Butyricicoccus"	0.302859003906674	0.290489774761552	0.316277762990159	-6.75268790999119	3.24182074606158	0.0230135162575307	-6.0856154635583	-5.68422292798303	-0.075534143801212	1.61592785666285	1.86394361777091	1.06679085831236	-6.10237567285078	-4.56958329145715	-1.12926059343093	0.418193547164519	0.21557585909805	2.24710131468524	2.484279968445	1.29560781041548	-5.49325945845126	1.73079190297286	-0.071633191514981	6.07109546996322	-0.0117118277950633	0.489583335950857	0.768257816594084	0.934825685114144	0.871789346489424	0.974364774415867	"Not significant"
"Butyrivibrio"	-3.01014312118784	-3.24217111141518	-2.92851660124082	0.404958911975514	-1.56061500048699	-6.55681257962436	-0.647834182041358	-4.98650713110658	-6.10849414351944	-5.09107337648897	0.606875241177018	-6.05061967360546	1.00073899488518	-4.73784920008888	-6.00527096806346	-6.12348329850808	-0.0463339790694812	-2.65723030793875	-0.881408394763786	-1.85511799853879	-5.89515671253155	-6.04529378200511	-0.0135660951177119	5.34401794880649	-0.00187941301444387	0.498263889324959	0.671739701916128	0.901304956121353	0.774089373281517	0.958041661365538	"Not significant"
"CAG.873"	-5.47342865186467	-5.50721008510141	-5.43457545201242	-7.02824966220233	-7.76267676780864	-6.02355379523971	-0.742726448424545	-2.43695832545708	-5.79413459331862	-5.15123080533907	-6.83834694057738	-6.07766836374645	-5.91936918837473	-4.28302150815351	-5.42966837897911	-6.72509590192231	-7.05726964364607	-2.88310987347359	-7.37288863974717	-7.14210559183348	-5.79542361142539	-2.25912218693717	0.053311553058216	4.83594337112998	0.0109241127347897	0.490467939995094	0.563520189473071	0.852128388949309	0.620005236636429	0.890111078146468	"Not significant"
"Caldicoprobacter"	-6.09941256202229	-5.8875700148494	-6.24144898124239	-0.690157105782037	-7.29218574444429	-6.54924627936688	-5.28027859898221	-5.57386677509365	-6.58445995171562	-5.34093152435867	-6.9301522881243	-6.42219129676368	-6.02264429223496	-5.41661816891214	-6.41049858120313	-0.955355957278189	-6.78816008013062	-8.00784003484676	-7.62195289555764	-6.98108011066809	-6.29531879148957	-6.04967025629166	0.395072943812989	4.96908221247755	0.0700106811124591	0.454861122541953	0.595821494629585	0.866697373736821	0.629324115319665	0.90308177961526	"Not significant"
"Candidatus_Arthromitus"	-4.63031735373508	-4.99980255186027	-4.28707041078242	-6.64032655822272	-6.97740257932536	-5.85560748167746	-5.6829405304215	-5.93746122962517	-6.27742548631267	-4.4498505117434	0.419191839961496	-1.49139122007781	-6.40842941763492	-4.6023350386397	-5.27267582157633	-6.63266136244411	-6.8198141492435	-2.66812302717462	-7.74743571668949	-3.47135137268332	2.21958030953954	-1.64064332726191	-0.926584250209548	5.64036843952941	-0.143665879795961	0.436741783855609	0.584794084518764	0.860527442331345	0.628942700101756	0.902146629160981	"Not significant"
"Candidatus_Stoquefichus"	-3.58353160866082	-4.16304239825343	-3.23859292919818	-7.47524973407341	-1.5403414345759	-2.20178223809988	-1.07336382049839	-5.85380271235532	-3.63869337398344	-4.53383823911349	-6.53376089714583	-7.2869626176271	-0.930323491916497	-5.03777809786021	-2.78021345326659	-6.26204347629621	-2.45477321155289	-3.56725501174469	-7.79595202742934	-1.9683051849575	-2.18043719923636	-6.12064328020093	-0.440997198879679	4.56413961765109	-0.0863234356707277	0.440972237257974	0.59296085409389	0.86145910105282	0.647740296661543	0.906748303446725	"Not significant"
"Christensenellaceae"	0.917092941409416	0.926921075917254	0.89618712649086	1.17606139265986	-1.0204158540105	0.747154354992939	1.97758500974948	2.17473183839592	0.073278064343488	2.22814124226364	0.119916202392842	0.816788342196125	1.32567345635436	1.80478688556641	1.18729842528301	-0.264837254438605	-0.42541217490585	-0.443934366633664	-0.198102115201385	0.951321829193917	2.77170254397225	0.999753852648127	0.293120356482844	1.65286628039431	0.171690907890577	0.444444458572938	0.743575157631917	0.920621109372114	0.753976866786464	0.95284067789101	"Not significant"
"Christensenellaceae_R.7_group"	1.94240687501765	2.26834298125426	1.86175125010277	0.393367940055225	0.712248085398036	3.19512158417516	2.70294543754609	2.40001099439339	2.90937068001948	2.6574491962879	1.29974911024829	0.934352218047293	3.12660292491935	3.54795876754721	2.22806076151862	0.531192981977749	2.74593805964781	0.628971214974216	1.75023674125262	1.74106593088128	1.48578396614362	1.67475043272761	-0.0206721555063796	1.60316601550105	-0.0121054484410121	0.494791667975003	0.841946264094965	0.948236592771009	0.894408875760462	0.978762109001986	"Not significant"
"Clostridiales"	0.210338072954969	0.300995033650342	0.073734352890094	0.57090196058254	0.00490298347059515	4.2433025915685	-0.775842348538698	-1.14552018849038	0.152253962424155	1.82446365086808	6.37944614572914	0.0162383742918042	1.98232490470144	-4.14677941630046	4.41598425704627	0.371243638638154	-0.442350247219958	-0.249035013040906	0.514469688337124	1.39681028473451	-1.11060000789286	-1.13805299008434	0.492478804886988	3.56993704265959	0.137498954892005	0.410745257044904	0.346093478689251	0.790943851784993	0.534710476249757	0.897328780560892	"Not significant"
"Clostridiales_vadinBB60_group"	2.67226098333952	3.09673915203431	2.42696427726547	2.7691231672489	2.0054854919155	4.01184941362412	3.05711845825782	2.59254070375095	1.78444169142759	4.44373483521685	3.8614965617746	4.17062742005164	2.6695656039586	2.17626258553212	2.90392970595241	3.79131094744663	2.46059471510059	1.96575708026269	2.8362422468141	2.07194593415634	2.18549026835671	1.92980829689512	0.671980980025427	1.17921340829302	0.550379944065281	0.292894343337907	0.109593300620772	0.506889277717893	0.153791690121025	0.57760806767014	"Not significant"
"Clostridium_sensu_stricto_1"	1.69238372259038	3.31839124453362	0.409271005797769	5.64875712530653	-7.74779869712389	3.41376027239936	2.60386047129913	3.52764172188609	5.67529173040297	5.09982392714922	0.543303481491123	-6.69549746493236	-0.0123472970432665	0.372984196163247	0.311114019170958	-0.680830871104884	2.44004462704869	3.33116870025448	-7.51081527138744	-0.73694149527046	1.68797532977704	2.19453676314347	2.45766409190448	4.83863067437588	0.341051825369345	0.302083392280795	0.582298344579109	0.88061743354379	0.133086002619671	0.570968448793606	"Not significant"
"DNF00809"	-3.90419000835306	-2.87788668887893	-4.78523586068747	-1.80292461693126	-1.62773296860418	-3.51555081331588	-6.0241858956425	-5.81433656048892	-1.40669160750122	-5.13333581385524	-7.41388257302413	-0.400873989806634	-6.46181348500042	-4.69916162431958	-5.29923401193849	-6.30375064151598	-1.21835336619385	-2.22305236247768	-7.2512945894855	-6.76842914281745	-5.45657166066411	-1.32889359320049	1.24549287624728	4.7499320149036	0.233164511036947	0.386481832384535	0.467096484855201	0.789786477410114	0.470886094362294	0.833500575418389	"Not significant"
"Desulfovibrionaceae"	7.60006903575676	7.066668494047	7.67603766315387	7.86205703187359	7.99684900847261	8.08547192661124	7.95353542603647	5.63139498345909	7.00138259055401	6.84155098067956	4.75110780223209	6.11886628144463	8.56968585809721	8.18546418772373	7.40332853791883	7.62361259270988	7.93028453477731	7.87460949901117	7.72793241768998	7.01140742151005	6.52500442601351	5.71505383131847	-0.450172439043495	1.48186116797699	-0.261248458347185	0.383015628897603	0.284982328214745	0.76249893129494	0.459221216090411	0.878649648515509	"Not significant"
"Dubosiella"	5.77648929741285	4.21365649651974	6.09836708610446	5.566695207402	2.5006648909002	4.0874829985888	4.02170403442847	6.64078439784059	6.3724505703338	6.15482202816767	2.15949988405932	2.26295848193014	6.26936169274685	7.74873298318957	6.49055368359011	5.84710261479387	5.58993308575433	3.88341551281465	4.71251430231663	5.86770901460304	6.94469782610972	7.49064194611319	-1.61197712999075	2.30351557699654	-0.677774553438354	0.239583423091361	0.0380333244640771	0.33005258728335	0.0701426814284786	0.434324447338607	"Not significant"
"Eggerthellaceae"	-2.45957633488967	-4.43738078577743	-1.96298420906955	-2.7528659739418	-1.02736495823198	-5.82670761633489	-6.0257405222654	-5.2854883391056	-0.97059896415943	-4.72590416646707	-7.05605762945488	-6.58858459686689	-1.58025709110109	-4.81007366065441	-1.69214351365838	-1.99690988930206	-0.347693584351923	-2.11571452878109	-1.93326925568266	-2.17918775786292	-5.78122550735326	-1.28189858080933	-2.22241096814733	3.92819828054998	-0.493900209830549	0.277296430024393	0.153603212944615	0.518633720304443	0.149828862120851	0.550796686353273	"Not significant"
"Eisenbergiella"	-6.19098436964271	-5.94839447096634	-6.35849612593717	-6.54443977819623	-7.54648609745004	-6.15536422671032	-3.41535786976732	-5.54654899257029	-6.43124577864889	-4.88829151749141	-6.9045425831744	-6.30112087040468	-6.0082839476614	-4.87205847228634	-5.46960454930467	-6.53968245699864	-7.05564724203188	-7.41166471179734	-7.27301051322138	-6.78020010575518	-5.03240809019088	-5.99445386534669	0.341593159845983	4.40954024283207	0.0610200167340305	0.463541675872972	0.491627551504118	0.798100617420508	0.492218791270649	0.818494165689458	"Not significant"
"Enterorhabdus"	-2.76027438545452	-1.57787385036801	-3.7444542018278	-1.4297372360493	-2.35279115932688	-0.267819503999532	-5.85788604467606	-6.21449606137783	-0.240623221402597	-5.43310572212557	-1.0163333385681	-0.765417523038303	-3.11142601462696	0.554281439844508	-6.26920773596812	-6.91223824356911	-0.853543198470601	-3.36762336127379	-1.66995204783545	-6.32269184252246	-5.78553133901689	-5.42419848927357	1.50562091273089	4.67426897837251	0.272801788317055	0.355286001405868	0.420223306427606	0.766505151293958	0.357791661705168	0.775970424071569	"Not significant"
"Erysipelatoclostridium"	2.79207416856021	2.503253450393	3.75527982937209	1.76855991602004	-2.13918855223814	1.06703789917119	3.96226223577947	5.17493810861967	2.20850252301068	6.36666758164625	2.4884944579042	2.7295505217784	3.92981013948106	5.62589011157882	4.80127420431515	1.87165238038201	-0.719176463555878	-0.903745772678507	0.0476374836341806	3.54939296936936	5.39071715370347	4.14430707372161	-0.512912329167339	3.90786131047767	-0.14064760174668	0.457539005506029	0.888025614069977	0.960956304453185	0.850836542520947	0.974784715226515	"Not significant"
"Erysipelotrichaceae"	0.750736456587838	-0.425081731817328	0.973747674832513	-6.46525795885422	-0.425081731817328	-6.07436398524843	-5.10067579491612	1.91308373387149	2.83560345836627	1.08850512105045	1.34756116455961	-6.58325650768603	-6.34311850866717	-4.50723233397848	-6.21203737263648	1.870391237747	1.04652164753414	2.5208093949322	1.2934034044352	0.44809496681772	0.968501284902298	1.2203500356589	-0.681361315459657	6.88778314972564	-0.0966785062079594	0.432291683990871	0.543841096303153	0.862192720554626	0.693987948970534	0.938580205887422	"Not significant"
"Faecalibacterium"	-5.44773342425149	-6.14446012843813	-4.63195218595326	-6.66614657605794	-7.12032900167222	-5.91543535125053	-5.18615028262138	-5.73486310401212	-6.15719871303245	-4.91772646171822	-6.5847154919464	-6.56063223436201	-6.56103031079409	-4.7094473088645	-5.95428072091108	-6.5507612261627	-6.46786332309219	-3.65501705774484	-7.53336629911568	-2.44609273643431	-3.22917911880895	-1.11151916087187	-1.32850413175729	4.49291766713777	-0.267870220837623	0.35875220479875	0.370567497695872	0.699782654347343	0.375252190727229	0.706739727042219	"Not significant"
"Faecalibaculum"	-4.23704162075422	-3.29604479055511	-4.92317653242143	-6.49233694915838	-0.919092397977249	-6.02910620744051	-5.62225863299229	0.321751139557219	-5.64443032176438	-5.04732159379299	5.0277382119528	5.15251705305323	-6.55390599279597	-5.02554144402946	-2.03025367573182	-6.27468305711969	-0.0286774784664905	-7.71052279777885	-0.0880242735145824	-6.55050060985495	-5.71259834938683	-6.04260025296395	1.95714925701977	6.86607413887863	0.275364089450111	0.375000033489756	0.322744299879028	0.717629924244019	0.420149244138215	0.811456336826985	"Not significant"
"Family_XIII"	0.512563153138579	0.933655423004699	0.256404448540476	-0.899128483968471	-0.343356062456694	-0.048312097583457	0.763101779434054	2.69147856597858	1.73440461304735	1.88673028858166	1.17261178572488	0.823811730072301	-0.0662203852160319	3.08178279676294	0.691821343821006	0.669906356269061	-0.0501820232798176	-0.135940688703303	-0.508000518782988	0.181901381323815	1.75670697755791	0.13903513709621	0.415944468238789	1.6599281010763	0.224262448963527	0.420138909472984	0.605631847799339	0.885781338676326	0.548805248544026	0.898581195954366	"Not significant"
"Family_XIII_AD3011_group"	-0.0364710851028649	0.291689901059537	-0.21903252137404	-0.186526595843337	-0.952941355522927	-1.11478642005249	-5.95400146914874	1.41539044792317	1.08268716152278	2.57912396597924	1.60473638675518	0.247174507583506	0.452221689011704	1.80316775511705	-0.337982709329263	-0.777048318281557	-1.26084439767513	-0.809775101966803	-1.18366896682389	-0.0524447037824833	0.32305387985872	0.527890078788652	0.515166001491999	2.10950439305037	0.163129994574171	0.405545951726798	0.772428207462248	0.935996198928629	0.556836449154561	0.902877716623628	"Not significant"
"Family_XIII_UCG.001"	-2.30364384141195	-1.74357271049776	-2.86489597512765	-0.890096955372916	-1.35840505574212	-1.14057752266704	-0.369808931461392	-5.62492022009645	-6.24331830349821	-1.91715800378648	-1.84138044153967	-6.5086779740843	-5.9352100674753	-4.76893906463419	-1.24016235348186	-2.73690005634208	-0.954254649912703	-4.01567954683337	-1.34989116405871	-2.56112808368201	-2.96932378084309	-6.33464429738344	0.583225971934532	3.81953103467026	0.153813251764141	0.401041692535661	0.613131308877447	0.882719625560786	0.520597774903116	0.876234044207859	"Not significant"
"Flavonifractor"	-5.2941872021011	-5.66899201466301	-4.6850546928865	-6.19790661406022	-1.33297773863852	-6.80056966893672	-5.80497867976006	-5.79806886025429	-6.11092261338698	-4.97507219895258	-6.58617193656075	-6.71547947911355	-5.92653693922702	-4.73960123419847	-0.680136874470463	-6.46215047882058	-6.7490284821895	-2.90859086879788	-1.87068125134454	-6.92974469459907	-5.52373439893134	-6.14226562333256	-0.816769465966234	4.84127763970982	-0.150202136654191	0.42187502011397	0.502608548764543	0.817192691036331	0.524500726634047	0.86510294303235	"Not significant"
"GCA.900066225"	-1.1826033639547	-1.71266843484035	-1.04211111256765	0.471779384665172	0.640677809959045	-5.97200329514036	-0.823946613253105	-6.27571957282626	0.0746658402234566	-5.0425147647813	-2.42350089798863	-1.94685119102435	-0.709133320749504	-4.68850859906277	-0.0868773595399901	-0.575624466021222	-1.50723889682921	-0.354723690548641	-0.840385200083238	-6.81158587686399	-5.70663057482449	-1.02879443250369	0.0583138024714804	4.39185331032379	0.0101719890741068	0.493934143632913	0.718086083450197	0.916341038717133	0.841373893134729	0.971408122812114	"Not significant"
"GCA.900066575"	3.92979849088603	3.74697045844811	4.07635394017113	2.94031712297898	4.51946072618643	3.96736298265579	5.31903590074305	3.18933071567601	3.81943141040689	3.8263263906568	0.89592408259425	3.6611181965628	4.69481526766682	4.49255903787837	3.77055331804703	3.92974194676322	4.09165358879336	3.21135453773016	4.36342393971513	3.96610564024337	4.50114323994956	2.98658471522745	-0.323884998991208	1.11839447242136	-0.217505135147126	0.378472254663224	0.359018772575083	0.798810569174014	0.393248561616402	0.833534293420759	"Not significant"
"Gastranaerophilales"	4.69421021413655	2.81282461909639	5.54830981070251	1.75817854357909	-2.20728311795511	-0.224022825579155	4.69421021413655	6.86569333877737	2.81282461909639	3.84425580500138	1.20581582821564	5.18555548421719	5.63841770369189	6.77199046120176	5.12252949235608	5.44857438224972	3.09004012608765	4.21601345254273	3.02411430240593	6.51830827862487	8.28543462285411	7.50637155120625	-2.76187603036305	3.41675883686344	-0.771216621146585	0.192374473986536	0.0209250887456836	0.280075534362047	0.0226090424668211	0.289754660270773	"Not significant"
"Haemophilus"	-5.71083235161683	-5.34065211205031	-5.93293561383387	-6.89578007997897	-7.33652207529687	-6.2808811620665	-6.13141542066345	-5.22307476948795	-0.729639253957541	-4.90079023586186	-6.89562736868631	-1.2214794867745	-5.91476999937513	-4.67295192664018	-5.92803866659367	-7.16743907997677	-6.809845526561	-2.21474925884267	-7.40012236812694	-6.84414960042921	-5.4664881301941	-6.2079561157063	0.979156739263326	5.00298413405899	0.181212057834762	0.424610071302413	0.477198811110636	0.794765198391712	0.518512423141874	0.83135650291371	"Not significant"
"Harryflintia"	0.936583393771794	1.06496413882009	0.836785577525982	2.23457945180977	1.36502627951078	0.857216800373317	2.54197925574308	-5.44685538815401	1.20448329595305	-4.36653532439935	-0.908297762781062	1.15350384747373	2.88721283808881	1.37522990930434	1.12723557780087	0.834408267656889	0.435729638497693	0.700058688525647	1.32873070716537	0.822352558772772	-5.91153415573414	-5.87020890701276	0.245030920105515	4.45410856849272	0.0482228284203613	0.450606598273739	0.774175428876777	0.935983827398898	0.755722243120657	0.952673355561767	"Not significant"
"Hydrogenoanaerobacterium"	-2.51983535120573	-3.04472792055862	-0.843466729490325	-6.65802349833058	1.15216948331585	2.01051179647742	-5.37238017392127	-5.79418966309056	-5.98879561203516	-4.10638586761693	-0.4454304827927	1.54152796603044	0.463495985321345	-5.00837386738177	-6.17322437357652	1.64809284227748	-0.102304542804935	0.81495657511863	0.713893463595351	-6.48699199145208	-5.55669596121022	-5.9608197484463	0.186192392591518	6.58622469727016	0.0236145566414399	0.483535532721773	0.695817591082941	0.915031192051233	0.777482023587867	0.958822721864331	"Not significant"
"Intestinimonas"	3.22472231807644	2.9630684031593	3.44963095857933	3.74927234794697	3.33013338518181	1.92467197696072	3.21974071401692	1.07042246927345	2.22808807101317	3.0978930401048	2.42148733298438	3.34934566342723	3.60572202575676	3.02174078515844	2.27144968156571	2.93055522418901	3.33229751446385	3.71108497635567	4.072605453399	3.05118117463216	4.21299481385344	3.60784540594925	-0.555761982795214	1.11189451516039	-0.491590495418898	0.279029531472539	0.0819686470100811	0.444949784162885	0.117280358959926	0.514153876446008	"Not significant"
"Lachnoclostridium"	4.1992953574649	4.74184811940343	3.83695163051531	4.93540403014249	5.27279308732489	5.90010517046675	5.43316212617517	4.24081176862183	3.94797089117272	4.77420741294112	3.58263499761865	3.13349242198688	3.86525672720184	4.57909739803542	4.6424468872008	3.73115726008871	4.30960353862348	3.5514959890009	5.02508398665274	3.63556832190458	1.98996106736569	2.89783553033394	0.727793764709268	1.32599325450393	0.578919817345568	0.289930619629447	0.10111333672408	0.50161026903276	0.134195743304683	0.567936574995275	"Not significant"
"Lachnospiraceae"	6.50049439397882	6.36049361786272	6.56278477447437	5.84718772595026	6.61138622648331	6.39617537412975	7.7881533155134	7.41779289942441	5.16688079465756	6.76444537484955	5.737735585521	4.93043143544463	7.41261365708387	6.65696765618194	7.55541455135685	6.56862410391769	5.88496979267424	6.18938493899745	5.96075183575718	6.43743718853942	6.94293103443331	6.6235214047698	-0.377899922169529	1.12929204557489	-0.292388724866849	0.396880442902355	0.396864678902687	0.816697636937703	0.456552324417069	0.871385054643256	"Not significant"
"Lachnospiraceae_FCS020_group"	-0.26790469134578	-0.504140515255766	0.571960348336092	-0.750085387709448	2.5578471323054	1.13066929284295	2.05566548845409	-1.12662876227397	-6.42258728418442	-4.97157681039957	1.37405688330186	-6.73020503592087	-6.31778981336853	-4.70319168453091	-6.19243528077965	2.89924260468471	2.47708517417465	1.82886008619872	3.50933837983656	1.3435172535983	-5.79742249415505	-0.521216664928588	-0.550844043449866	7.01347705416641	-0.0815180903317776	0.437500015947505	0.756687587099661	0.932238883718741	0.706397052057849	0.947462051717231	"Not significant"
"Lachnospiraceae_NK4A136_group"	6.55573517526951	6.97149628400371	5.95413758057771	7.51096601057984	7.99056197294322	7.11735419830687	6.74756806796031	6.85089035714123	6.52421143524134	6.12597438616409	6.9118613478815	7.67372477687063	5.54609977394267	5.40821054033378	6.20344368616858	6.51706227860146	7.01207849160573	6.28720891478244	6.67443100941841	5.34706124848232	4.66331333599015	4.90379847510201	1.18162323701875	1.04527414449207	1.0676382367403	0.121528000385695	0.00269933406556132	0.0967219908252703	0.00437519620472407	0.136457544003984	"Not significant"
"Lachnospiraceae_UCG.001"	3.37764540763282	2.60322668093868	3.56448234692532	-6.48400769740368	5.0165654742584	-0.977751607755924	1.34284275800884	1.51894246066811	3.79698251391717	5.23823932100015	3.4370533962288	2.60322668093868	3.87092478015884	4.0425097965453	3.48313822653474	2.58000519822606	2.48569353420921	3.2862974637064	2.08424614666791	3.6403989500363	5.07508200492348	5.10051100216427	-1.01492889565998	2.65871912335602	-0.25260506588613	0.354166706701855	0.183002252918417	0.668299981478253	0.279504792807811	0.778856438688048	"Not significant"
"Lachnospiraceae_UCG.004"	-3.09934224777526	-1.14110348371815	-4.69454696681765	-0.617153367564194	-0.181214731076571	0.53016212897353	0.358612768532225	-1.30873452599924	-6.10532904174473	-4.96580949879513	-6.83680489131785	-1.67148556995509	-6.50106649755963	-4.93364318752681	-5.65698146705881	-0.0420589109006766	-7.3477600620402	-2.08296851745717	-2.84165740855456	-6.87760762978611	-5.23708026396415	-6.23977530938803	2.95346742847125	5.31490749875986	0.508325575342491	0.263888965213545	0.17564077750078	0.542694959269828	0.109934690889606	0.490915763511024	"Not significant"
"Lachnospiraceae_UCG.006"	0.43118253983127	0.635791284427111	0.335087699429994	2.06426232719466	1.7191832032426	1.66990322278191	2.37129143012548	-5.7228873561799	-0.60849944275778	0.248426244199442	0.346507211702643	-0.110694172674802	0.532285043327027	0.803133876018926	2.43400805683278	-6.14416982922601	0.892422618165949	0.324051743162446	1.9704263694809	-0.404323050092439	-5.69768178684779	-1.93632755046373	0.65175930432322	3.13924503249431	0.139909637493831	0.395833360684315	0.47833368947425	0.843686863189508	0.537133266307996	0.913466046123259	"Not significant"
"Lachnospiraceae_UCG.010"	-5.83795432007495	-5.78441503676383	-5.89303855317751	-6.41579016194344	-6.97184607828292	-6.52839284284579	-5.65038045420847	-5.50025370870049	-6.49478185668363	-4.86309587219504	-7.22751990899784	-2.82156569890362	-5.86815019458677	-4.71765980661508	-5.89426474790016	-6.33043052368985	-7.04551277376047	-2.81448484104973	-7.78418411228187	-6.96603196007853	-5.40832613855965	-6.47202635478967	0.103989497386755	4.5409131422873	0.019409130934782	0.492201041813933	0.526853800158533	0.824965743432403	0.557826099017082	0.868632393337559	"Not significant"
"Lactobacillus"	4.33956885900699	4.7738718629966	3.1234586528016	4.69659925428384	5.54895453755577	4.90291572372803	4.33867334178954	4.64076399194992	5.13158219973349	5.27174622033291	4.45716495418407	4.49864017217207	3.11150914337469	4.96282739289881	3.69423530233998	3.29295378615955	4.3208360224867	1.20583891521579	2.46360345147589	2.3633441824024	2.91971275072923	3.11613796006699	1.68207378522486	1.082294700673	1.38868012065068	0.0763892658989142	0.000722808705194847	0.0563331654345209	0.0011816260365022	0.0762881854987118	"Significant"
"Marvinbryantia"	-2.27340141350847	-4.43841399830873	-1.53581315913188	-6.58358020483052	-2.01664597776411	-0.74245647759943	-6.0484950954851	-5.22627662934285	-1.3443702363523	-4.64973754262525	-7.01043778935087	-6.69529005268789	-5.87993724713834	0.318577154557572	-1.65765420612953	-0.279511252938587	-1.85721215281428	-2.86771923173809	0.942680296930033	-1.25590966928954	-5.78863596572331	-1.50403580264031	-2.47292313206151	4.42803966461793	-0.529209560327285	0.255208414201915	0.127962512847472	0.491953063692166	0.10202256624954	0.475947710810181	"Not significant"
"Mollicutes_RF39"	5.42872366177643	5.30197870371771	5.48050461932326	4.01022933889584	2.02950193418344	5.74690032797885	4.83615047495409	7.55617654545718	5.30197870371771	6.64447785423183	6.39367922132528	3.70602264351819	5.57482940220581	6.18118228381334	6.02289338089215	4.61203885321364	4.78245514854455	4.53719066948918	5.30851650898056	5.29303323808054	6.33459733348877	6.33077491391086	-0.255378598817295	1.76033599887207	-0.135347453646503	0.446180569232015	0.56660779682948	0.890156118057036	0.768564857162961	0.960770976191449	"Not significant"
"Muribaculaceae"	11.6625781533375	11.6923544368368	11.6094215561105	11.5703965356014	10.5310520117895	11.7983849323723	11.7620642264875	11.872270349089	12.3758787503505	13.5603252692955	11.3620247527067	11.4821025661747	11.5706923093174	13.2454726549359	12.243425763933	11.6088147201993	10.8179606259885	10.1581636680933	10.4649986072044	11.4091826410727	12.6031098947437	12.0251789539593	0.09639179797359	1.34897330500359	0.074272254604159	0.459272107316148	0.656690766154472	0.910694500250707	0.738219259455715	0.951307194511468	"Not significant"
"Muribaculum"	7.42429588040259	7.53706422339287	7.31984475035963	6.04312482471225	6.20874820179463	7.68256744323018	7.45255936328043	8.01215235882254	7.73717457179706	8.97558244489358	7.24452125767866	7.48185268767272	7.55417334719422	8.90284629375397	7.29707850099938	7.26992038976885	6.02306564094847	5.53754791738385	5.81786087155453	7.17696619853137	8.73039942980078	8.21976073919345	0.207388974105419	1.57459419183758	0.12692924523881	0.428819462692929	0.738077960577741	0.926594411099975	0.661782634934725	0.9385080603764	"Not significant"
"Odoribacter"	6.73468412790496	6.91486477080042	6.45554582357767	6.18943722983034	5.97058685908203	7.3596885240643	6.35976981241125	7.0560581653861	6.83613583813934	7.14262270036217	7.28902714353731	6.94170117026562	6.93569193345101	7.1091448480809	6.06828619774514	6.5661015779223	6.25504568131384	5.89005904012035	5.8658285626511	6.22418639669563	7.09548278651228	7.70253882344172	0.237744244844795	0.917189398593528	0.274824361716801	0.373263922907214	0.458041945109546	0.837732835567548	0.440595636948191	0.854987073760779	"Not significant"
"Olsenella"	-5.38732242929978	-4.46727848470951	-6.14886984548763	-7.22904261609347	-3.25040607439551	-6.09017760782998	-6.14157375381951	-6.08642600471985	-5.95759554643611	-4.81552282961664	-1.64339154682665	-1.12072799932008	-5.44455466332188	-4.81428437847056	-6.21531805197111	-6.49550758369574	-0.461083967378139	-8.12657020922144	-8.03126350865171	-6.41600698073295	-5.88864148786666	-6.31713663137979	1.54064019300257	4.88900866080286	0.257608999407084	0.381282527157928	0.461405369266794	0.770962640153612	0.455631346207972	0.786853300896822	"Not significant"
"Oscillibacter"	3.32563624958299	3.1041829350598	3.46724645628879	2.91920778820494	4.37188497997151	2.35829765722605	4.0687326928677	2.91753852564774	3.25283325875682	3.03745425169558	2.42872852159867	3.94058316205982	3.21483571234466	1.4178785623448	4.09412382149791	3.345857803136	2.99891872492146	4.3775921017005	4.00989910953172	3.17346044989098	3.57669743003202	3.82049657974984	-0.237986869595626	1.06472247870629	-0.23180755142103	0.395833360684315	0.675247408072655	0.912118105336841	0.515823234428111	0.897024095492304	"Not significant"
"Parabacteroides"	4.91067298918423	4.99191853928948	4.87648718166504	6.2265895172082	0.0968440955765519	2.19354198919248	6.87680859938968	6.50121431662038	4.95831790462629	7.57406734684177	2.53746644720139	4.59349688210631	5.09396308248998	7.79474767238705	5.85602139684406	2.07772735954976	1.76050981056026	2.27455376477425	1.17664664919465	4.92688232695863	6.83350866082345	4.85618805839931	0.490554685760026	3.60701290927857	0.126149823749216	0.435763905294048	0.760031735615338	0.933040095498256	0.710667549362402	0.94726762933468	"Not significant"
"Parasutterella"	7.41128179007412	7.63793575796006	7.11061314362541	6.70747721229336	5.70588848196821	7.45963970190633	7.73569609693648	8.56567693065087	7.85149196227806	8.70108168337341	7.45788700479919	7.70549907193432	7.27178557997182	8.82204030038815	7.00855969776977	7.17319952579834	6.15847212450094	5.49412238079276	5.30027021040793	6.98964074914722	8.65255598714885	7.89929836735906	0.493573094800735	1.61582074524658	0.270772286550549	0.365684611624304	0.368061912353878	0.809150763336175	0.335598708566975	0.828475600856517	"Not significant"
"Peptococcaceae"	2.80074499988681	1.73390409204142	2.96300202408654	3.52224998699901	1.69034202053123	2.67347026811518	3.76077381069804	0.594972893626768	0.810217794485027	3.17070015319392	1.30462712972215	1.29712605167345	3.57139601670662	3.54220924824673	3.30840794706467	2.86934963379674	2.75839700119456	2.90351220378803	3.43772715549713	2.80218684961684	1.57069988087965	1.79826373460581	-0.855261944877587	1.49730340766312	-0.526066704813796	0.321180607057586	0.138272961488639	0.57567226024603	0.216219297343523	0.687708056357712	"Not significant"
"Phocea"	-6.10986343876921	-5.69965131408137	-6.49561488142945	-6.34688531900992	-0.983877295584881	-6.3645354109441	-6.09366108674675	-5.02895827201005	-6.46620701877324	-4.82529360703708	-7.01790145253618	-6.54850649700873	-6.10989319886006	-5.11836726820774	-5.83547283733247	-6.46924103282743	-7.1395041542261	-7.70268662877374	-7.56529767518946	-6.75414221935405	-5.44746058196046	-5.75581522787704	0.97975987275341	4.66514364440062	0.191608925798995	0.390625028852714	0.447367344579266	0.763049682099333	0.470993668676525	0.790839046866737	"Not significant"
"Prevotellaceae_UCG.001"	6.95875546661017	6.48121469635252	7.3596357200539	5.84398636299146	3.43516578642513	4.85894384084179	6.22105472852939	8.02346094333167	6.4320921144216	9.03104250259388	7.09537923122458	7.08768434866793	7.1636362422557	8.70263967532355	7.75938121697791	6.2480301125707	4.49201444631096	5.55802579292823	3.70562210641549	7.69583317468969	8.7279093170983	7.57116953989937	-0.499750141731421	2.47335368431171	-0.162241572345842	0.423611130756497	0.686416738384004	0.920939029129814	0.635097439325381	0.93933155144871	"Not significant"
"Pseudoflavonifractor"	-5.07633854350661	-5.14851540037345	-4.9962950449513	-1.7559760737289	-7.71980264041401	-6.11830626846209	-5.40011279792064	-5.47401316678226	-5.99327425209144	-4.60701613583496	-6.48709938389278	-1.75828722641957	-6.59166721197534	-4.97388402284051	-5.67789276486208	-6.77862558083252	-6.7670758383106	-3.98377159000739	-2.43821916693065	-6.35154483070232	-1.3543475053326	-6.23054558638497	-0.140932415633651	4.69939299710992	-0.0274466834218305	0.486111114602322	0.606683181267407	0.867579035895589	0.644249882277166	0.914610915466113	"Not significant"
"Rhodospirillales"	2.39708326616735	2.00808520743555	3.39187798515065	1.03946646203507	-7.14995544866547	1.11326412335451	1.84514908876842	5.60212516511679	2.45737066307116	4.7009349614223	1.87565417189776	4.69397482562519	2.57209973593691	5.07459912233079	3.91706960869107	1.98431519027779	-0.628310558684021	1.37533670673461	1.38000000248995	4.22239460000721	6.11077957880008	5.37909975382841	-0.581699842778935	3.54051222068994	-0.144351120315392	0.393414239387305	0.365354886779985	0.807537123945433	0.519012914330252	0.912400876481535	"Not significant"
"Rikenellaceae_RC9_gut_group"	2.5651037200484	2.62359580350013	2.44586589134054	2.97944660116877	0.616421417126299	2.15540480758221	1.06634917917357	2.68052451923339	3.07320568765724	-4.77964711001017	3.49382345323208	3.39590108500447	0.142866873970276	4.63426316222301	1.36307148614066	3.23878782822467	0.326412063926838	-0.720396835303196	2.72753732580437	2.84213088547982	3.45940267223836	1.97162385407778	0.0343090879068377	2.49114124363233	0.0119230713374116	0.492201041813933	0.716452704706533	0.922309330959924	0.885183363463162	0.976900084614661	"Not significant"
"Romboutsia"	1.99430692547025	2.4369745191335	1.7718481184357	2.54466685283683	-7.36577638018524	2.13696049251499	1.15454510619411	3.52330531120968	2.78654402318038	3.03538271143301	2.62332122983036	1.28856026116205	1.90946117190124	2.5592875321954	0.874700376112429	1.05288731126267	1.82431156755822	1.08514188186268	0.657108833843683	1.83811507675075	2.70199555816069	3.69236058561691	0.368494487204111	1.63743245740811	0.118344835220772	0.395147341143732	0.664394487586562	0.912336312090458	0.479647311859967	0.889897592174556	"Not significant"
"Roseburia"	4.00797092186079	4.00997664112287	3.90786179529774	4.8786628162657	3.87756287929876	4.94515585005272	5.76110640552893	3.68592896891539	4.09785125122118	1.56403335335319	4.02083665707406	3.36394874642301	2.53795975775411	1.00071578979172	5.20661085600183	2.32996367785779	5.82549463352934	5.53012558510907	5.89606463401304	4.3716102405995	2.92616447293043	3.29127507522579	0.123102395237663	2.19403786971495	0.0603078005914518	0.485268634539735	0.840555913267699	0.947589104793815	0.925255472082097	0.984109830938111	"Not significant"
"Ruminiclostridium"	2.3930518165388	2.633414013366	2.20733221333396	2.59734286762496	4.35883354002024	0.91890196337182	1.72907014945445	3.0542645809426	-0.848696764392748	2.6221141971081	2.70941857866908	3.06657235143796	1.82915012415634	-4.5454106980001	2.52772225222972	2.19946683949682	0.721050231756228	3.27465213769728	3.3969844045626	1.82350483940494	2.67703332692199	2.21457298262125	0.374345559532344	1.92102306322696	0.120901711660222	0.409722245661715	0.489949539187053	0.859092080558659	0.564259076836476	0.916673783220406	"Not significant"
"Ruminiclostridium_5"	1.87231812511359	1.79743036348031	2.10804036832269	2.6060154953266	3.87027258131692	1.86133942537205	2.31863642774972	0.90844418114804	0.651294677581367	1.50632998050961	0.665680218878405	1.88582286527618	1.3198085196195	-4.89620030297243	2.68148744778751	1.75862944454527	3.60597517655031	2.38129090268267	2.47911729308407	1.44487026173305	-0.201420557722567	2.68977335600236	-0.177385004037176	1.76133927025503	-0.0606554077017	0.468750007879944	0.598326828917993	0.890526651577185	0.815231812498647	0.969196441211053	"Not significant"
"Ruminiclostridium_6"	1.72687434722633	2.88540363860435	0.846100654184138	3.59403227375984	2.34877304975302	3.66274155967244	4.57881712536074	1.36861250365093	3.74914894887123	-1.51489990007468	1.51070347652928	2.88540363860435	1.36528492989571	-5.37679917800506	-2.10166343226156	0.109990302745327	2.74334612287212	2.21171838755991	2.06073099667167	0.493087478182698	1.37306375524686	-5.96679022236035	2.13383391190209	3.33650144828741	0.570739402223602	0.190641373295001	0.0465329635268491	0.355753876613528	0.0227172933490658	0.280173573570517	"Not significant"
"Ruminiclostridium_9"	5.26444327227021	5.35446720392534	5.15408754236515	5.65039840998447	5.30938705338892	5.10348684110917	5.71071524592129	5.21551231773358	5.02385995176165	5.60285871721368	4.77547478230309	5.58801723663637	5.69925073229131	6.04177161344516	5.96853586057852	4.88593652523148	4.81488865382943	4.78211634764721	5.24218940068653	5.04583719314891	5.44715387977586	4.67332584930665	0.131834893394921	0.694535107909342	0.162203425901542	0.437500015947505	0.698395270940653	0.909519445925305	0.670678151183182	0.926776545972523	"Not significant"
"Ruminococcaceae"	4.18315532129182	4.53431329403893	3.79176070448872	4.71874320871642	4.78199457064974	3.8069220541631	4.27778833854492	4.64661551418105	4.45188358052078	4.21058643440102	4.51852919151969	5.33263520642101	3.76731370678785	6.7449425349195	3.80452940323161	3.52417021833799	3.68485341442093	3.76451468596682	4.46615552922786	3.51244424257979	4.07513579704924	3.74886888488641	0.650231698890564	0.668204386170182	0.689488267982069	0.188908272630241	0.273043964618832	0.740187675831152	0.0315913285630778	0.301029013495671	"Not significant"
"Ruminococcaceae_NK4A214_group"	-1.12352371875789	-0.748665891684812	-1.27785340119539	-1.53719869813595	1.90052675253358	0.437763981689636	-6.64438559646504	-0.758311655696957	-5.98916685196095	-4.87624086896247	-0.0757308046363683	0.868530728957585	-6.20178166013959	-0.140932750851876	-0.831895174255052	1.37758917887765	-0.947672021488272	-1.47016105162174	0.658919086280423	-2.16877692054643	-5.1925421529727	-1.88370504450608	0.432381158044855	4.22093740711943	0.0832410463414925	0.442708347914911	0.71487890506835	0.916593615715296	0.81313851106324	0.96244151790564	"Not significant"
"Ruminococcaceae_UCG.002"	-6.21310931939441	-6.36283794767079	-6.10703879467561	-6.47306762635461	-7.59143832756557	-6.56819491631301	-5.40258005516302	-6.12031102028899	-5.94327184625702	-4.80239615118421	-6.91971484555317	-7.13756447934198	-2.91638820418895	-4.97277147564689	-5.94624483500447	-6.52356444148535	-7.31644462041293	-7.86605041524757	-7.67997276485673	-6.54788363129886	-5.41581265642458	-5.85412183547586	-0.276525621888114	4.37763097349232	-0.0499042258813211	0.473136921821375	0.50976042266485	0.815043216123336	0.542618541481738	0.850636578855439	"Not significant"
"Ruminococcaceae_UCG.003"	-0.633678932404426	-0.47357792021443	-1.28202044297831	-6.58413104218476	2.93636036714342	1.55649999009996	-5.82334924667639	0.493592954481487	-6.63758941704436	-4.61508239592089	-0.426113003751635	0.300881088219636	0.648495712175497	-4.98552625927578	-5.89802701400667	1.37961263917237	-7.05273452437442	-0.291527076087627	1.22630719280384	-0.127877493819171	-5.39025056939808	-5.9249776987505	0.496147285704128	6.41365261489686	0.067619632997639	0.456597233206607	0.693009691561442	0.909228907277584	0.727624711782026	0.946720909769151	"Not significant"
"Ruminococcaceae_UCG.005"	0.731089345701918	0.210307030310572	1.7057439509216	2.04027288764793	0.382552420148083	-6.24130871411821	-0.235388260436108	1.59964350848606	0.649217558726821	-5.3420089349781	-1.45408942650485	0.314831759011047	-0.00513257041045456	1.53541071521858	1.93310726818784	-2.04659365300338	-0.263413585780592	2.03161197666754	1.07527594928979	1.96861524460529	2.88908681971295	2.99296941304551	-1.53696453183395	2.89724493784852	-0.449884369110236	0.251736193872179	0.0970889690934309	0.492270013649213	0.0881661150382126	0.465597832242885	"Not significant"
"Ruminococcaceae_UCG.009"	0.486323768947047	-3.36143118929665	0.92594565897928	1.5683668083502	1.37094601267176	-6.02547400055608	-5.70400799373064	-5.76849063675366	-0.0853645224665831	-4.62763412186479	-7.26323860154617	0.329979371352325	1.24640901819223	1.16476182050044	1.15137538890424	1.35643863891613	0.198297981174997	0.995350256630362	0.979917552919376	-0.0125074984913578	0.801834434483046	0.27679208275674	-4.02838214489037	4.13281048568411	-0.750432835451932	0.227036492479441	0.0253748177835692	0.29035299113552	0.0589627332806512	0.394054148888002	"Not significant"
"Ruminococcaceae_UCG.010"	0.560865325060122	1.45034388635677	-0.0184318551931124	2.02712710300004	0.573110735120828	1.55785726911223	0.360344682522943	2.57494370228002	-0.131434136132338	1.7381226317596	0.564729235293515	2.53663134540752	0.850427266397672	-0.365430387346305	-0.138291134785442	0.61265185060307	-0.789527847992137	-1.17251360430395	-2.28743422230272	-0.205574170264161	0.715354828738104	0.924470318376145	1.44448398829166	1.58043626931827	0.877875472099289	0.175347363203387	0.0106057316001925	0.190456941323516	0.019698446870467	0.240084823782313	"Not significant"
"Ruminococcaceae_UCG.013"	0.383246273440925	0.512346097763689	0.297616275106265	1.03078739172738	0.544099796157655	2.97950888675922	-0.0111763461219576	-0.377744794778482	-0.793656071879908	0.356733316442209	0.441562212481093	2.56255051258596	2.01616473874321	0.525692676202791	-3.66240086763836	0.30114595949365	-3.54433736796395	-0.451242810682371	-0.0101708160290297	0.462550368813507	0.901063316137244	0.960056924309532	0.462620248918656	2.21292856090234	0.208724026797543	0.375000033489756	0.221679241789085	0.687568755699285	0.492113077518457	0.866976635468097	"Not significant"
"Ruminococcaceae_UCG.014"	7.94154620836183	7.5714099586769	8.4977042372809	7.43773088868696	4.35540518349396	7.19057776455095	8.87291096439044	9.53839467911795	7.46843637564596	10.2311702679762	7.94508972138511	6.56325909924999	8.67940391821274	9.71393077162966	8.77797117357037	6.52641697307985	6.17846750813856	5.94784695535942	6.5860552735525	8.27796520306867	9.57964231364887	8.89943808910516	0.0640944364177405	2.48787380820194	0.025041039514112	0.492201041813933	0.79892215067513	0.944187466991065	0.935547424711511	0.987428668779678	"Not significant"
"Ruminococcus_1"	1.53956888710227	1.39283653075611	1.73936662762901	1.55815526756795	-2.0274054574403	-5.99913326184157	1.46824440566449	2.7941055030703	2.34404503980316	-4.99146066278647	2.51442688465087	1.09534652858259	1.64125844346448	-5.18664075930223	2.08401001314477	1.86757574054652	-1.60756919313129	0.109836016268421	0.0760019654170394	3.11980142290748	5.24503798222397	3.67063608643126	-0.737967166731376	4.43357320673923	-0.160645164529662	0.409722245661715	0.461004394793693	0.838445107509275	0.514707912056983	0.912195995886624	"Not significant"
"Shuttleworthia"	-6.21564432892569	-6.26590695748163	-6.13243279887512	-6.32402123842496	-7.72921884874659	-6.09258837829537	-6.63609545228782	-6.14520921312321	-5.85541421954569	-4.89155853442439	-6.0837958350309	-6.28119828844674	-6.59464393301982	-4.71152299477893	-6.4348727741805	-6.81621518132792	-6.85869687671765	-7.80984125559573	-3.33416081027573	-7.17506240248357	-5.61362265938311	-6.45217529748565	-0.120924793898547	4.31622384523276	-0.0304760707311145	0.487001736357963	0.56518040577269	0.853076564906895	0.59177374483102	0.876940780387389	"Not significant"
"Turicibacter"	2.27021050724669	3.27369555277868	-0.714706371758911	5.40946413282105	0.149096337412463	3.27369555277868	2.28097634624972	5.20632901553586	4.9502952088703	4.90867513424485	2.75488262552274	0.790740064332158	-1.52792444673701	-5.05321007326197	-6.22950508688998	-6.39154203647465	-0.258365501179992	-0.150199661695774	-1.30254911465239	3.36203254794464	4.08807811748537	5.45076188536555	4.01852148512757	4.90122453039029	0.735375887784833	0.19270845736486	0.0213411274777081	0.279767930335083	0.0312931312108944	0.317673930499869	"Not significant"
"Tyzzerella"	-3.53865547643047	-4.47506185922905	-2.50128463682353	-1.08725555571258	-0.11473307270744	-6.18240186610621	-1.07350301893608	-5.17847160324187	-6.14457625565019	-4.54112110945125	-7.20118510751395	-6.51600085500667	-0.267481548773124	0.371559758322951	-5.81606140646437	-1.53211866934582	-7.66610701408642	-1.69691830880736	-3.84414743877725	-6.77356255415948	-5.62317687414527	-1.65268548502044	-0.690284905722143	5.35852654734804	-0.121504140785456	0.430555573341227	0.567002424603156	0.857359448741515	0.611764469083548	0.901702265318485	"Not significant"
"Tyzzerella_3"	-5.70658105402903	-5.50731594019639	-5.9085419400348	-6.52006456502256	-1.38703055814267	-6.21200655523125	-5.28718439732146	-5.22771144656091	-5.69002193724043	-4.38914345606541	-6.66481216172557	-6.7705676597348	-6.22925591797426	-4.53726811426603	-5.75247481232991	-6.35812429461011	-6.9037036874226	-1.61594522573267	-7.91774078577562	-6.77676503716962	-5.86055198117119	-5.85412271382395	0.286419330768371	4.583198687345	0.0501816695040916	0.474870023637071	0.592676577942117	0.849083137849994	0.620551565307757	0.88360527215412	"Not significant"
"UBA1819"	2.22148022270952	2.21940517608988	2.22411891820234	2.22704146822881	4.20512772456406	3.83189397459513	4.38725515242743	1.52959703548555	0.189601611463094	0.75727650218995	1.29416230648576	2.58983211833269	2.56015151472654	-4.45705516501023	-0.366852176702153	0.760540256618207	4.51077282204107	3.19295509015895	4.394708870275	2.22909612481566	-5.49849426934982	2.24989452328987	0.569193815389688	3.25083698693077	0.111045778820292	0.436741783855609	0.2857818075546	0.766784828241892	0.667898978923553	0.942115122023343	"Not significant"
"UC5.1.2E3"	-3.04336739197064	-5.89037980356022	-0.788902060429208	-6.37816419722902	-7.15154350567724	-1.92758052319976	-6.0468768300689	-5.38336641538359	-6.18413836597447	-4.83252265879645	-7.41700729059645	-6.94870608148121	-0.774904575479571	1.6285513578479	1.21781117025137	-1.32373424372399	-2.09747215397734	-0.641546342496778	-0.711755433012259	-0.121582719976161	-5.61115723750433	-5.77651009077315	-4.8374936276184	4.35398142145155	-1.09490729465838	0.110918791080792	0.0123399767675022	0.165594005447709	0.00572494939271255	0.140413772739922	"Not significant"
