Bin Id	# unique markers (of 43)	# multi-copy	Insertion branch UID	Taxonomy (contained)	Taxonomy (sister lineage)	GC	Genome size (Mbp)	Gene count	Coding density	Translation table	# descendant genomes	Lineage: GC mean	Lineage: GC std	Lineage: genome size (Mbp) mean	Lineage: genome size (Mbp) std	Lineage: gene count mean	Lineage: gene count std
MAG001	43	0	UID2655	k__Bacteria;p__Bacteroidetes;c__Bacteroidia;o__Bacteroidales;f__Porphyromonadaceae_2	g__Barnesiella	56.0044924382	2.534346	2069	0.893069060026	11	3	45.0858076781	4.9662230383	3.45133666667	0.313208081975	2914.0	282.715404603
MAG002	43	0	UID2806	k__Bacteria;p__Bacteroidetes;c__Bacteroidia;o__Bacteroidales;f__Porphyromonadaceae;g__Odoribacter	s__Odoribacter_splanchnicus	44.7015466409	2.665182	2227	0.910586594086	11	2	41.9523199031	1.40622124906	4.0728745	0.3194135	3456.0	290.0
MAG003	38	0	UID1226	k__Bacteria;p__Firmicutes;c__Clostridia;o__Clostridiales	f__Ruminococcaceae	29.5912555327	1.696263	1890	0.867925551639	11	155	43.8662319998	5.38173164231	3.83973887097	1.10445518803	3649.4	1062.30653859
MAG004	34	0	UID1286	k__Bacteria;p__Firmicutes;c__Clostridia;o__Clostridiales;f__Lachnospiraceae	g__Butyrivibrio	50.5276985613	3.522522	3453	0.879311470588	11	57	41.3563690466	3.61577540662	3.69219901754	0.740391471457	3354.10526316	626.597150424
MAG005	42	0	UID2654	k__Bacteria;p__Bacteroidetes;c__Bacteroidia;o__Bacteroidales	f__Porphyromonadaceae_2;g__Barnesiella	46.902334615	2.959802	2490	0.9119481641	11	163	43.9810079425	3.66434051294	4.36625357669	1.41396204909	3725.02453988	1132.26471547
MAG006	43	0	UID1213	k__Bacteria;p__Firmicutes;c__Clostridia;o__Clostridiales;f__Peptostreptococcaceae_3;g__Clostridium_3	unresolved	26.4896839359	1.564442	1584	0.886388245777	11	17	38.5273475699	3.67668848158	4.09183435294	0.989135099057	3613.17647059	824.10637772
MAG007	43	0	UID2329	k__Bacteria	p__Tenericutes;c__Mollicutes	29.0277735186	1.761376	1893	0.888090333921	11	174	29.3511519692	4.74536573391	1.46226449425	0.950537413827	1377.33908046	1002.10203496
MAG008	43	0	UID1286	k__Bacteria;p__Firmicutes;c__Clostridia;o__Clostridiales;f__Lachnospiraceae	g__Butyrivibrio	39.5352505511	4.369841	4089	0.871602650989	11	57	41.3563690466	3.61577540662	3.69219901754	0.740391471457	3354.10526316	626.597150424
MAG009	43	0	UID1328	k__Bacteria;p__Firmicutes;c__Clostridia;o__Clostridiales;f__Lachnospiraceae	unresolved	41.9863911171	3.251108	3067	0.889825561009	11	15	40.4091721448	5.13280952859	2.90346653333	0.486002284977	2800.66666667	599.94862743
MAG010	39	4	UID2329	k__Bacteria	p__Tenericutes;c__Mollicutes	28.7880994246	1.559314	1704	0.884939787625	11	174	29.3511519692	4.74536573391	1.46226449425	0.950537413827	1377.33908046	1002.10203496
MAG011	39	0	UID1239	k__Bacteria;p__Firmicutes;c__Clostridia;o__Clostridiales;f__Ruminococcaceae	g__Ruminococcus	49.7378208091	2.475788	2607	0.887661221397	11	9	46.8387057261	2.96169326083	3.67354244444	0.663355515278	3414.44444444	654.15800183
MAG012	43	0	UID2662	k__Bacteria;p__Bacteroidetes;c__Bacteroidia;o__Bacteroidales;f__Bacteroidaceae;g__Bacteroides	unresolved	46.9448188197	3.707148	3093	0.879020745867	11	16	45.0965017013	1.40718970555	5.02865325	1.22038795196	4338.5	881.730684506
MAG013	37	2	UID1293	k__Bacteria;p__Firmicutes;c__Clostridia;o__Clostridiales;f__Lachnospiraceae	unresolved	47.263999555	3.891607	4113	0.896551989962	11	35	41.1826731883	2.27312843919	4.051379	0.584466320132	3605.57142857	499.270341067
MAG014	38	0	UID2809	k__Bacteria;p__Bacteroidetes;c__Bacteroidia;o__Bacteroidales;f__Rikenellaceae;g__Alistipes	unresolved	60.2838406965	2.070739	1735	0.898057167031	11	4	56.3168643784	1.81320764657	3.403595	0.513657129327	3083.5	196.472008184
MAG015	43	0	UID1286	k__Bacteria;p__Firmicutes;c__Clostridia;o__Clostridiales;f__Lachnospiraceae	g__Butyrivibrio	50.958149945	3.399934	2999	0.893681759705	11	57	41.3563690466	3.61577540662	3.69219901754	0.740391471457	3354.10526316	626.597150424
MAG016	38	0	UID1226	k__Bacteria;p__Firmicutes;c__Clostridia;o__Clostridiales	f__Ruminococcaceae	44.5821447858	1.536166	1386	0.889727412272	11	155	43.8662319998	5.38173164231	3.83973887097	1.10445518803	3649.4	1062.30653859
MAG017	27	0	UID3809	k__Bacteria;p__Proteobacteria;c__Alphaproteobacteria;o__Rickettsiales	unresolved	47.9579308214	0.857635	862	0.908778209845	11	83	31.5416649592	3.4231769156	1.29760214458	0.207947235002	1257.55421687	278.765404373
MAG018	42	0	UID2142	k__Bacteria	p__Cyanobacteria	32.8718714065	1.927403	1932	0.901608537498	11	169	50.1629813722	12.0228236511	4.39149491716	1.99838199454	4148.5443787	1625.20651017
MAG019	39	1	UID397	k__Bacteria;p__Firmicutes;c__Bacilli;o__Lactobacillales;f__Lactobacillaceae;g__Lactobacillus	s__Lactobacillus_gasseri	34.0314440092	1.552966	1769	0.88785266387	11	9	34.8111580722	0.259329986441	1.90432411111	0.0873019418321	1918.66666667	174.84723491
MAG020	43	0	UID1372	k__Bacteria;p__Firmicutes;c__Clostridia;o__Clostridiales	unresolved	35.2024512137	3.906614	3480	0.856563509986	11	3	42.0713282947	2.6717247835	2.89537033333	0.372489648479	2471.66666667	220.90772332
MAG021	43	0	UID2654	k__Bacteria;p__Bacteroidetes;c__Bacteroidia;o__Bacteroidales	f__Porphyromonadaceae_2;g__Barnesiella	55.029863995	2.241842	1879	0.922912051786	11	163	43.9810079425	3.66434051294	4.36625357669	1.41396204909	3725.02453988	1132.26471547
MAG022	17	0	UID2663	k__Bacteria;p__Bacteroidetes;c__Bacteroidia;o__Bacteroidales;f__Bacteroidaceae;g__Bacteroides	s__Bacteroides_uniformis	46.1132473324	3.965264	3474	0.893988143034	11	12	45.7829504717	0.854296964572	4.37022825	0.366556672355	3892.41666667	388.360111738
MAG023	37	1	UID1286	k__Bacteria;p__Firmicutes;c__Clostridia;o__Clostridiales;f__Lachnospiraceae	g__Butyrivibrio	45.7606753195	3.763055	3569	0.909094339573	11	57	41.3563690466	3.61577540662	3.69219901754	0.740391471457	3354.10526316	626.597150424
MAG024	43	0	UID1226	k__Bacteria;p__Firmicutes;c__Clostridia;o__Clostridiales	f__Ruminococcaceae	35.3403539746	1.781604	1953	0.886477578631	11	155	43.8662319998	5.38173164231	3.83973887097	1.10445518803	3649.4	1062.30653859
MAG025	39	4	UID1286	k__Bacteria;p__Firmicutes;c__Clostridia;o__Clostridiales;f__Lachnospiraceae	g__Butyrivibrio	47.7537250815	4.52681	4441	0.898681190507	11	57	41.3563690466	3.61577540662	3.69219901754	0.740391471457	3354.10526316	626.597150424
MAG026	38	1	UID1286	k__Bacteria;p__Firmicutes;c__Clostridia;o__Clostridiales;f__Lachnospiraceae	g__Butyrivibrio	45.9970267181	4.221705	3975	0.90221154723	11	57	41.3563690466	3.61577540662	3.69219901754	0.740391471457	3354.10526316	626.597150424
MAG027	43	0	UID2654	k__Bacteria;p__Bacteroidetes;c__Bacteroidia;o__Bacteroidales	f__Porphyromonadaceae_2;g__Barnesiella	47.4841433217	2.29853	1988	0.924295528011	11	163	43.9810079425	3.66434051294	4.36625357669	1.41396204909	3725.02453988	1132.26471547
MAG028	32	0	UID2654	k__Bacteria;p__Bacteroidetes;c__Bacteroidia;o__Bacteroidales	f__Porphyromonadaceae_2;g__Barnesiella	49.0807415707	2.154684	1825	0.913651375329	11	163	43.9810079425	3.66434051294	4.36625357669	1.41396204909	3725.02453988	1132.26471547
MAG029	39	2	UID1226	k__Bacteria;p__Firmicutes;c__Clostridia;o__Clostridiales	f__Ruminococcaceae	28.1112222728	1.778232	2026	0.847613809672	11	155	43.8662319998	5.38173164231	3.83973887097	1.10445518803	3649.4	1062.30653859
MAG030	43	0	UID1286	k__Bacteria;p__Firmicutes;c__Clostridia;o__Clostridiales;f__Lachnospiraceae	g__Butyrivibrio	40.6134957184	3.53737	3443	0.897190285438	11	57	41.3563690466	3.61577540662	3.69219901754	0.740391471457	3354.10526316	626.597150424
MAG031	43	0	UID3058	k__Bacteria;p__Verrucomicrobia;c__Verrucomicrobiae;o__Verrucomicrobiales;f__Verrucomicrobiaceae	g__Akkermansia;s__Akkermansia_muciniphila	55.6452579848	2.735888	2323	0.886493891563	11	2	53.658171924	2.10418252039	2.8396385	0.1755365	2485.5	247.5
MAG032	43	0	UID1286	k__Bacteria;p__Firmicutes;c__Clostridia;o__Clostridiales;f__Lachnospiraceae	g__Butyrivibrio	47.8609273129	3.383399	3092	0.879741939984	11	57	41.3563690466	3.61577540662	3.69219901754	0.740391471457	3354.10526316	626.597150424
MAG033	43	0	UID1226	k__Bacteria;p__Firmicutes;c__Clostridia;o__Clostridiales	unresolved	40.6619436314	1.994639	1741	0.881589099581	11	155	43.8662319998	5.38173164231	3.83973887097	1.10445518803	3649.4	1062.30653859
MAG034	42	0	UID2142	k__Bacteria	p__Cyanobacteria	33.1387617019	1.945509	1980	0.901726489058	11	169	50.1629813722	12.0228236511	4.39149491716	1.99838199454	4148.5443787	1625.20651017
MAG035	42	1	UID1369	k__Bacteria;p__Firmicutes;c__Clostridia;o__Clostridiales	unresolved	45.2244614221	2.93528	2745	0.908951445859	11	4	41.3706103368	1.68118490035	2.97713875	0.249326958465	2658.75	299.199243816
MAG036	43	0	UID2654	k__Bacteria;p__Bacteroidetes;c__Bacteroidia;o__Bacteroidales	f__Porphyromonadaceae_2;g__Barnesiella	52.5822738635	2.363218	2039	0.900246189729	11	163	43.9810079425	3.66434051294	4.36625357669	1.41396204909	3725.02453988	1132.26471547
MAG037	43	0	UID2655	k__Bacteria;p__Bacteroidetes;c__Bacteroidia;o__Bacteroidales;f__Porphyromonadaceae_2	g__Barnesiella	50.2090255	3.062645	2604	0.899848660227	11	3	45.0858076781	4.9662230383	3.45133666667	0.313208081975	2914.0	282.715404603
MAG038	42	1	UID1327	k__Bacteria;p__Firmicutes;c__Clostridia;o__Clostridiales;f__Lachnospiraceae	f__Peptostreptococcaceae;g__Clostridium;s__	48.3656661478	3.268471	3135	0.879180203832	11	16	41.0548798438	5.56356017227	2.8992334375	0.470855199286	2793.0	581.656148424
MAG039	42	0	UID2654	k__Bacteria;p__Bacteroidetes;c__Bacteroidia;o__Bacteroidales	f__Porphyromonadaceae_2;g__Barnesiella	51.4417645663	2.743821	2277	0.896762580358	11	163	43.9810079425	3.66434051294	4.36625357669	1.41396204909	3725.02453988	1132.26471547
MAG040	43	0	UID2652	k__Bacteria;p__Bacteroidetes;c__Bacteroidia;o__Bacteroidales;f__Porphyromonadaceae;g__Parabacteroides	s__Parabacteroides_gordonii	43.3802942105	6.480088	5201	0.909674837749	11	4	45.0528958969	0.37443440112	5.119422	0.921444435248	4487.0	589.655407844
MAG041	43	0	UID3256	k__Bacteria;p__Proteobacteria;c__Deltaproteobacteria;o__Desulfovibrionales;f__Desulfovibrionaceae;g__Desulfovibrio	unresolved	43.5656093709	2.212826	2033	0.899033182003	11	5	54.8955784455	11.036594929	3.1750852	0.987341160463	2940.6	951.403720825
MAG042	27	0	UID2655	k__Bacteria;p__Bacteroidetes;c__Bacteroidia;o__Bacteroidales;f__Porphyromonadaceae_2	g__Barnesiella	54.2815479201	2.329912	1931	0.921927523443	11	3	45.0858076781	4.9662230383	3.45133666667	0.313208081975	2914.0	282.715404603
MAG043	42	0	UID1230	k__Bacteria;p__Firmicutes;c__Clostridia;o__Clostridiales	f__Oscillospiraceae;g__Oscillibacter;s__Oscillibacter_valericigenes	60.9244869151	2.89047	2719	0.875801513249	11	4	54.936132268	3.97742114581	4.187599	1.14915573988	4522.75	1321.7663135
MAG044	43	0	UID2809	k__Bacteria;p__Bacteroidetes;c__Bacteroidia;o__Bacteroidales;f__Rikenellaceae;g__Alistipes	unresolved	64.9608667231	2.145055	1790	0.885644890224	11	4	56.3168643784	1.81320764657	3.403595	0.513657129327	3083.5	196.472008184
MAG045	42	0	UID1248	k__Bacteria;p__Firmicutes;c__Clostridia;o__Clostridiales	unresolved	46.2562178117	4.187931	3742	0.861566009564	11	133	42.7523641735	4.38187611739	3.86984045865	1.14263087883	3641.36842105	1085.47168274
MAG046	43	0	UID1226	k__Bacteria;p__Firmicutes;c__Clostridia;o__Clostridiales	f__Ruminococcaceae	30.1963638485	2.606879	2884	0.871001300789	11	155	43.8662319998	5.38173164231	3.83973887097	1.10445518803	3649.4	1062.30653859
MAG047	39	0	UID1279	k__Bacteria;p__Firmicutes;c__Clostridia;o__Clostridiales;f__Lachnospiraceae	f__Peptostreptococcaceae;g__Clostridium;s__Clostridium_scindens	46.519537796	4.086186	3959	0.895933518445	11	2	47.5963674659	1.24327256423	3.7110005	0.0910955	3953.5	140.5
MAG048	43	0	UID1236	k__Bacteria;p__Firmicutes;c__Clostridia;o__Clostridiales;f__Ruminococcaceae	g__Anaerotruncus;s__Anaerotruncus_colihominis	55.4772714382	2.434331	2343	0.863248670785	11	4	55.7276759814	0.895688823196	3.49441725	0.50326943165	3916.25	440.503334267
MAG049	30	0	UID2808	k__Bacteria;p__Bacteroidetes;c__Bacteroidia;o__Bacteroidales;f__Rikenellaceae;g__Alistipes	unresolved	57.6428552351	2.209237	1857	0.885496214304	11	5	56.0044423694	1.73798953462	3.2930716	0.509839783655	2945.6	327.026971365
MAG050	41	1	UID2809	k__Bacteria;p__Bacteroidetes;c__Bacteroidia;o__Bacteroidales;f__Rikenellaceae;g__Alistipes	unresolved	63.9633897394	1.741974	1510	0.869914820772	11	4	56.3168643784	1.81320764657	3.403595	0.513657129327	3083.5	196.472008184
MAG051	38	0	UID2690	k__Bacteria;p__Bacteroidetes;c__Bacteroidia;o__Bacteroidales;f__Bacteroidaceae;g__Bacteroides	unresolved	43.0558615798	4.306173	3656	0.896348335285	11	35	42.2178138311	1.06605686176	6.10544302857	0.822433984081	5015.4	633.886344026
MAG052	43	0	UID2654	k__Bacteria;p__Bacteroidetes;c__Bacteroidia;o__Bacteroidales	f__Porphyromonadaceae_2;g__Barnesiella	46.1543242225	4.730873	4110	0.894872257192	11	163	43.9810079425	3.66434051294	4.36625357669	1.41396204909	3725.02453988	1132.26471547
MAG053	43	0	UID1226	k__Bacteria;p__Firmicutes;c__Clostridia;o__Clostridiales	f__Ruminococcaceae	26.1421612338	1.91185	1785	0.856921306588	11	155	43.8662319998	5.38173164231	3.83973887097	1.10445518803	3649.4	1062.30653859
MAG054	23	6	UID1327	k__Bacteria;p__Firmicutes;c__Clostridia;o__Clostridiales;f__Lachnospiraceae	f__Peptostreptococcaceae;g__Clostridium;s__	40.3673077155	4.310987	4195	0.870401372122	11	16	41.0548798438	5.56356017227	2.8992334375	0.470855199286	2793.0	581.656148424
MAG055	20	0	UID1373	k__Bacteria;p__Firmicutes;c__Clostridia;o__Clostridiales	f__Eubacteriaceae;g__Eubacterium;s__Eubacterium_xylanophilum	47.0885450298	2.587021	2807	0.899048364895	11	2	42.7927189308	3.02422826994	2.6338755	0.0546275	2321.5	74.5
MAG056	42	1	UID1286	k__Bacteria;p__Firmicutes;c__Clostridia;o__Clostridiales;f__Lachnospiraceae	g__Butyrivibrio	37.8282486572	5.132258	4894	0.848912311111	11	57	41.3563690466	3.61577540662	3.69219901754	0.740391471457	3354.10526316	626.597150424
MAG057	37	0	UID2654	k__Bacteria;p__Bacteroidetes;c__Bacteroidia;o__Bacteroidales	f__Porphyromonadaceae_2;g__Barnesiella	53.0644956464	2.748301	2181	0.902257794907	11	163	43.9810079425	3.66434051294	4.36625357669	1.41396204909	3725.02453988	1132.26471547
MAG058	43	0	UID3809	k__Bacteria;p__Proteobacteria;c__Alphaproteobacteria;o__Rickettsiales	unresolved	47.8211397457	0.901015	900	0.899031647642	11	83	31.5416649592	3.4231769156	1.29760214458	0.207947235002	1257.55421687	278.765404373
MAG059	43	0	UID1226	k__Bacteria;p__Firmicutes;c__Clostridia;o__Clostridiales	f__Ruminococcaceae	29.6051498041	1.52717	1570	0.87803060563	11	155	43.8662319998	5.38173164231	3.83973887097	1.10445518803	3649.4	1062.30653859
MAG060	43	0	UID1287	k__Bacteria;p__Firmicutes;c__Clostridia;o__Clostridiales;f__Lachnospiraceae	g__;s__	46.4425180337	3.982726	3627	0.888353856128	11	41	41.4740233696	2.45910606149	4.001649	0.578309517785	3573.07317073	492.953636085
MAG061	42	0	UID1286	k__Bacteria;p__Firmicutes;c__Clostridia;o__Clostridiales;f__Lachnospiraceae	g__Butyrivibrio	50.228856902	3.860386	3461	0.901813963681	11	57	41.3563690466	3.61577540662	3.69219901754	0.740391471457	3354.10526316	626.597150424
MAG062	32	3	UID1278	k__Bacteria;p__Firmicutes;c__Clostridia;o__Clostridiales;f__Lachnospiraceae	f__Peptostreptococcaceae;g__Clostridium	44.3219205292	3.648508	3678	0.903202624196	11	6	43.1863558682	3.21020623458	3.43774033333	0.298239310726	3579.33333333	331.574861666
MAG063	22	1	UID1232	k__Bacteria;p__Firmicutes;c__Clostridia;o__Clostridiales	f__Lachnospiraceae;g__;s__	59.084694641	2.316273	2405	0.891627627659	11	2	58.649118717	0.464198033951	4.932148	0.690295	5456.0	549.0
MAG064	42	0	UID1256	k__Bacteria;p__Firmicutes;c__Clostridia;o__Clostridiales;f__Lachnospiraceae	unresolved	50.0475647683	3.437287	3221	0.911800207547	11	33	43.3753330121	2.65662275624	3.62357087879	0.995753925875	3597.39393939	869.612241676
MAG065	40	0	UID2655	k__Bacteria;p__Bacteroidetes;c__Bacteroidia;o__Bacteroidales;f__Porphyromonadaceae_2	g__Barnesiella	52.7521554806	2.062885	1742	0.933557129942	11	3	45.0858076781	4.9662230383	3.45133666667	0.313208081975	2914.0	282.715404603
MAG066	42	0	UID1237	k__Bacteria;p__Firmicutes;c__Clostridia;o__Clostridiales;f__Ruminococcaceae	g__Subdoligranulum;s__	58.7414385391	2.575385	2236	0.847122274922	11	3	56.2441373067	0.052428572687	3.41959366667	0.561526983578	3719.66666667	322.713839527
MAG067	38	0	UID2329	k__Bacteria	p__Tenericutes;c__Mollicutes	35.4039077126	0.883546	1053	0.914720908702	11	174	29.3511519692	4.74536573391	1.46226449425	0.950537413827	1377.33908046	1002.10203496
MAG068	28	0	UID1254	k__Bacteria;p__Firmicutes;c__Clostridia;o__Clostridiales	unresolved	36.2760648532	2.817569	3089	0.895159976561	11	122	43.0719307823	4.28579734522	3.96069455738	1.14734942458	3738.71311475	1078.83808536
MAG069	43	0	UID1372	k__Bacteria;p__Firmicutes;c__Clostridia;o__Clostridiales	f__;g__;s__	37.4720827249	3.821651	3801	0.857720655287	11	3	42.0713282947	2.6717247835	2.89537033333	0.372489648479	2471.66666667	220.90772332
MAG070	41	0	UID2329	k__Bacteria	p__Tenericutes;c__Mollicutes	32.5092560642	1.074457	1184	0.901046761294	11	174	29.3511519692	4.74536573391	1.46226449425	0.950537413827	1377.33908046	1002.10203496
MAG071	43	0	UID2655	k__Bacteria;p__Bacteroidetes;c__Bacteroidia;o__Bacteroidales;f__Porphyromonadaceae_2	g__Barnesiella	54.0418547719	2.531052	2077	0.928539595394	11	3	45.0858076781	4.9662230383	3.45133666667	0.313208081975	2914.0	282.715404603
MAG072	43	0	UID1343	k__Bacteria;p__Firmicutes;c__Clostridia;o__Clostridiales;f__Peptostreptococcaceae_2;g__Clostridium_2	unresolved	38.422011643	3.672463	3263	0.869562470745	11	21	47.8074078497	2.33910633631	5.72860757143	0.671493742004	5465.23809524	753.671388842
MAG073	43	0	UID1236	k__Bacteria;p__Firmicutes;c__Clostridia;o__Clostridiales;f__Ruminococcaceae	g__Anaerotruncus;s__Anaerotruncus_colihominis	49.3186618291	2.098296	2051	0.874916598993	11	4	55.7276759814	0.895688823196	3.49441725	0.50326943165	3916.25	440.503334267
MAG074	27	1	UID1231	k__Bacteria;p__Firmicutes;c__Clostridia;o__Clostridiales	unresolved	58.9743925064	2.294306	2111	0.900350258422	11	3	55.5195992899	4.44200820567	4.093258	1.31344749504	4432.33333333	1515.49361229
MAG075	43	0	UID1248	k__Bacteria;p__Firmicutes;c__Clostridia;o__Clostridiales	unresolved	31.8114373116	3.367949	2915	0.876846709971	11	133	42.7523641735	4.38187611739	3.86984045865	1.14263087883	3641.36842105	1085.47168274
MAG076	42	0	UID1250	k__Bacteria;p__Firmicutes;c__Clostridia;o__Clostridiales	f__Lachnospiraceae_2;g__Lachnospira;s__Lachnospira_multipara	32.9496815591	3.184579	2924	0.856999936255	11	126	42.8124445147	4.46459476157	3.92138186508	1.14991181301	3700.41269841	1083.04603714
MAG077	26	0	UID1230	k__Bacteria;p__Firmicutes;c__Clostridia;o__Clostridiales	f__Oscillospiraceae;g__Oscillibacter;s__Oscillibacter_valericigenes	61.0879165452	3.074422	3119	0.862188404845	11	4	54.936132268	3.97742114581	4.187599	1.14915573988	4522.75	1321.7663135
MAG078	36	1	UID1231	k__Bacteria;p__Firmicutes;c__Clostridia;o__Clostridiales	unresolved	59.0008552986	2.130406	1873	0.910590281852	11	3	55.5195992899	4.44200820567	4.093258	1.31344749504	4432.33333333	1515.49361229
MAG079	43	0	UID2655	k__Bacteria;p__Bacteroidetes;c__Bacteroidia;o__Bacteroidales;f__Porphyromonadaceae_2	g__Barnesiella	51.3051004726	2.358056	1952	0.920989153778	11	3	45.0858076781	4.9662230383	3.45133666667	0.313208081975	2914.0	282.715404603
MAG080	42	0	UID1286	k__Bacteria;p__Firmicutes;c__Clostridia;o__Clostridiales;f__Lachnospiraceae	g__Butyrivibrio	47.6020635646	3.658836	3502	0.8881439343	11	57	41.3563690466	3.61577540662	3.69219901754	0.740391471457	3354.10526316	626.597150424
MAG081	37	2	UID1230	k__Bacteria;p__Firmicutes;c__Clostridia;o__Clostridiales	f__Oscillospiraceae;g__Oscillibacter;s__Oscillibacter_valericigenes	58.7790970969	3.732706	3861	0.878870449481	11	4	54.936132268	3.97742114581	4.187599	1.14915573988	4522.75	1321.7663135
MAG082	34	0	UID2655	k__Bacteria;p__Bacteroidetes;c__Bacteroidia;o__Bacteroidales;f__Porphyromonadaceae_2	g__Barnesiella	53.4199837864	2.921367	2358	0.895775162792	11	3	45.0858076781	4.9662230383	3.45133666667	0.313208081975	2914.0	282.715404603
MAG083	43	0	UID2722	k__Bacteria;p__Bacteroidetes;c__Bacteroidia;o__Bacteroidales;f__Prevotellaceae;g__Prevotella	unresolved	47.6030002997	3.287305	2698	0.882891304579	11	64	45.2639105148	4.79311901869	3.07723632812	0.378557764631	2652.21875	322.978688768
MAG084	40	0	UID1231	k__Bacteria;p__Firmicutes;c__Clostridia;o__Clostridiales	unresolved	60.026528298	2.790814	2826	0.887474765427	11	3	55.5195992899	4.44200820567	4.093258	1.31344749504	4432.33333333	1515.49361229
MAG085	31	4	UID1247	k__Bacteria;p__Firmicutes;c__Clostridia;o__Clostridiales	f__Lachnospiraceae;g__Cellulosilyticum;s__Cellulosilyticum_lentocellum	32.9632986489	2.120537	2354	0.871407572704	11	134	42.6894707287	4.42534081496	3.87614192537	1.14067665452	3647.14925373	1083.46687548
MAG086	43	0	UID1119	k__Bacteria;p__Firmicutes;c__Clostridia;o__Clostridiales	unresolved	44.1826784891	1.981057	1754	0.857079326844	11	355	36.5645182099	8.12418154582	3.72499125634	1.06187422942	3524.90704225	988.869278779
MAG087	42	0	UID2142	k__Bacteria	p__Cyanobacteria	33.7753844697	2.091951	2040	0.8884252069	11	169	50.1629813722	12.0228236511	4.39149491716	1.99838199454	4148.5443787	1625.20651017
MAG088	41	0	UID2719	k__Bacteria;p__Bacteroidetes;c__Bacteroidia;o__Bacteroidales;f__Prevotellaceae;g__Prevotella	unresolved	48.3832593749	2.141267	1880	0.859304327765	11	67	45.1626023331	4.79490525173	3.06571052239	0.380303181607	2648.01492537	324.492416145
MAG089	43	0	UID1230	k__Bacteria;p__Firmicutes;c__Clostridia;o__Clostridiales	f__Oscillospiraceae;g__Oscillibacter;s__Oscillibacter_valericigenes	61.0444464818	3.403613	3362	0.871904649559	11	4	54.936132268	3.97742114581	4.187599	1.14915573988	4522.75	1321.7663135
MAG090	43	0	UID2655	k__Bacteria;p__Bacteroidetes;c__Bacteroidia;o__Bacteroidales;f__Porphyromonadaceae_2	g__Barnesiella	55.0751096221	2.209837	1818	0.909040802557	11	3	45.0858076781	4.9662230383	3.45133666667	0.313208081975	2914.0	282.715404603
MAG091	42	1	UID1256	k__Bacteria;p__Firmicutes;c__Clostridia;o__Clostridiales;f__Lachnospiraceae	unresolved	46.3362912218	4.286936	4071	0.876182896129	11	33	43.3753330121	2.65662275624	3.62357087879	0.995753925875	3597.39393939	869.612241676
MAG092	42	0	UID1119	k__Bacteria;p__Firmicutes;c__Clostridia;o__Clostridiales	unresolved	31.8894088807	1.135113	1047	0.883127054311	11	355	36.5645182099	8.12418154582	3.72499125634	1.06187422942	3524.90704225	988.869278779
MAG093	29	0	UID2655	k__Bacteria;p__Bacteroidetes;c__Bacteroidia;o__Bacteroidales;f__Porphyromonadaceae_2	g__Barnesiella	48.5971476176	1.944877	1887	0.913827455412	11	3	45.0858076781	4.9662230383	3.45133666667	0.313208081975	2914.0	282.715404603
MAG094	43	0	UID1327	k__Bacteria;p__Firmicutes;c__Clostridia;o__Clostridiales;f__Lachnospiraceae	f__Peptostreptococcaceae;g__Clostridium;s__	44.5181001388	4.389029	4095	0.868918842869	11	16	41.0548798438	5.56356017227	2.8992334375	0.470855199286	2793.0	581.656148424
MAG095	39	1	UID1286	k__Bacteria;p__Firmicutes;c__Clostridia;o__Clostridiales;f__Lachnospiraceae	g__Butyrivibrio	46.0611140587	4.226901	3853	0.897018170049	11	57	41.3563690466	3.61577540662	3.69219901754	0.740391471457	3354.10526316	626.597150424
MAG096	40	0	UID1231	k__Bacteria;p__Firmicutes;c__Clostridia;o__Clostridiales	unresolved	58.7934920875	3.417457	3361	0.878127508261	11	3	55.5195992899	4.44200820567	4.093258	1.31344749504	4432.33333333	1515.49361229
MAG097	42	0	UID1286	k__Bacteria;p__Firmicutes;c__Clostridia;o__Clostridiales;f__Lachnospiraceae	g__Butyrivibrio	46.1964036656	3.339943	3106	0.901629458946	11	57	41.3563690466	3.61577540662	3.69219901754	0.740391471457	3354.10526316	626.597150424
MAG098	43	0	UID1286	k__Bacteria;p__Firmicutes;c__Clostridia;o__Clostridiales;f__Lachnospiraceae	g__Butyrivibrio	49.7205705275	4.349294	4064	0.878746527597	11	57	41.3563690466	3.61577540662	3.69219901754	0.740391471457	3354.10526316	626.597150424
MAG099	43	0	UID3304	k__Bacteria;p__Proteobacteria;c__Alphaproteobacteria	unresolved	43.7897717161	1.725842	1701	0.883272049237	11	647	56.2345306302	11.7755932714	4.32205411283	2.09229461022	4168.32457496	2033.07693726
MAG100	41	0	UID1286	k__Bacteria;p__Firmicutes;c__Clostridia;o__Clostridiales;f__Lachnospiraceae	g__Butyrivibrio	44.9357792277	3.241196	2875	0.905106324949	11	57	41.3563690466	3.61577540662	3.69219901754	0.740391471457	3354.10526316	626.597150424
MAG101	41	0	UID1256	k__Bacteria;p__Firmicutes;c__Clostridia;o__Clostridiales;f__Lachnospiraceae	unresolved	47.959930404	3.912753	3771	0.889381977344	11	33	43.3753330121	2.65662275624	3.62357087879	0.995753925875	3597.39393939	869.612241676
MAG102	43	0	UID1346	k__Bacteria;p__Firmicutes;c__Clostridia;o__Clostridiales;f__Peptostreptococcaceae_2;g__Clostridium_2	unresolved	50.296445693	3.453884	3144	0.872917851323	11	18	47.7743595681	2.52369582536	5.81657977778	0.679467094802	5593.27777778	727.811850347
MAG103	42	0	UID1119	k__Bacteria;p__Firmicutes;c__Clostridia;o__Clostridiales	unresolved	44.671174905	1.694384	1565	0.898753175195	11	355	36.5645182099	8.12418154582	3.72499125634	1.06187422942	3524.90704225	988.869278779
MAG104	43	0	UID4182	k__Bacteria;p__Proteobacteria;c__Betaproteobacteria;o__Burkholderiales;f__Sutterellaceae;g__Sutterella	unresolved	44.2209291643	2.601813	2319	0.883766819522	11	5	53.5237098913	5.12992913775	2.8120362	0.13149970339	2528.2	141.834269484
MAG105	42	1	UID1286	k__Bacteria;p__Firmicutes;c__Clostridia;o__Clostridiales;f__Lachnospiraceae	g__Butyrivibrio	46.6314108589	5.374457	5090	0.902294873696	11	57	41.3563690466	3.61577540662	3.69219901754	0.740391471457	3354.10526316	626.597150424
MAG106	27	0	UID1287	k__Bacteria;p__Firmicutes;c__Clostridia;o__Clostridiales;f__Lachnospiraceae	g__;s__	44.6880086846	3.493553	3155	0.897262185517	11	41	41.4740233696	2.45910606149	4.001649	0.578309517785	3573.07317073	492.953636085
MAG107	41	0	UID1286	k__Bacteria;p__Firmicutes;c__Clostridia;o__Clostridiales;f__Lachnospiraceae	g__Butyrivibrio	45.3798352578	4.271367	4056	0.868742489231	11	57	41.3563690466	3.61577540662	3.69219901754	0.740391471457	3354.10526316	626.597150424
MAG108	43	0	UID1119	k__Bacteria;p__Firmicutes;c__Clostridia;o__Clostridiales	unresolved	44.243452425	1.337931	1193	0.920605023727	11	355	36.5645182099	8.12418154582	3.72499125634	1.06187422942	3524.90704225	988.869278779
MAG109	43	0	UID1240	k__Bacteria;p__Firmicutes;c__Clostridia;o__Clostridiales;f__Ruminococcaceae;g__Ruminococcus	s__Ruminococcus_flavefaciens	37.9462968301	2.336186	2360	0.885532658787	11	8	46.2165251539	2.52667812802	3.7069445	0.696422523521	3346.125	662.876390721
MAG110	40	0	UID1248	k__Bacteria;p__Firmicutes;c__Clostridia;o__Clostridiales	unresolved	52.4820127569	3.484819	2924	0.85183218985	11	133	42.7523641735	4.38187611739	3.86984045865	1.14263087883	3641.36842105	1085.47168274
MAG111	43	0	UID1372	k__Bacteria;p__Firmicutes;c__Clostridia;o__Clostridiales	f__;g__;s__	36.8857718214	4.321595	4054	0.855967067715	11	3	42.0713282947	2.6717247835	2.89537033333	0.372489648479	2471.66666667	220.90772332
MAG112	37	0	UID2655	k__Bacteria;p__Bacteroidetes;c__Bacteroidia;o__Bacteroidales;f__Porphyromonadaceae_2	g__Barnesiella	48.4163299881	2.979938	2470	0.897754248578	11	3	45.0858076781	4.9662230383	3.45133666667	0.313208081975	2914.0	282.715404603
MAG113	43	0	UID1226	k__Bacteria;p__Firmicutes;c__Clostridia;o__Clostridiales	f__Ruminococcaceae	28.1856280113	1.802356	1941	0.856217084749	11	155	43.8662319998	5.38173164231	3.83973887097	1.10445518803	3649.4	1062.30653859
MAG114	43	0	UID1286	k__Bacteria;p__Firmicutes;c__Clostridia;o__Clostridiales;f__Lachnospiraceae	g__Butyrivibrio	42.5053648961	3.607869	3357	0.889292820776	11	57	41.3563690466	3.61577540662	3.69219901754	0.740391471457	3354.10526316	626.597150424
MAG115	39	0	UID1328	k__Bacteria;p__Firmicutes;c__Clostridia;o__Clostridiales;f__Lachnospiraceae	unresolved	43.6686197048	3.190507	3384	0.900573482522	11	15	40.4091721448	5.13280952859	2.90346653333	0.486002284977	2800.66666667	599.94862743
MAG116	39	4	UID1286	k__Bacteria;p__Firmicutes;c__Clostridia;o__Clostridiales;f__Lachnospiraceae	g__Butyrivibrio	47.8657828537	3.329317	3226	0.90407642168	11	57	41.3563690466	3.61577540662	3.69219901754	0.740391471457	3354.10526316	626.597150424
MAG117	28	0	UID2655	k__Bacteria;p__Bacteroidetes;c__Bacteroidia;o__Bacteroidales;f__Porphyromonadaceae_2	g__Barnesiella	55.8715282218	2.377866	1898	0.903261159376	11	3	45.0858076781	4.9662230383	3.45133666667	0.313208081975	2914.0	282.715404603
MAG118	42	0	UID1239	k__Bacteria;p__Firmicutes;c__Clostridia;o__Clostridiales;f__Ruminococcaceae	g__Ruminococcus	48.1157884156	3.214937	3003	0.837473642563	11	9	46.8387057261	2.96169326083	3.67354244444	0.663355515278	3414.44444444	654.15800183
MAG119	43	0	UID2806	k__Bacteria;p__Bacteroidetes;c__Bacteroidia;o__Bacteroidales;f__Porphyromonadaceae;g__Odoribacter	s__Odoribacter_splanchnicus	43.6144781222	2.410837	2016	0.92338552959	11	2	41.9523199031	1.40622124906	4.0728745	0.3194135	3456.0	290.0
MAG120	43	0	UID1231	k__Bacteria;p__Firmicutes;c__Clostridia;o__Clostridiales	unresolved	62.2113669168	2.701268	2613	0.864700577655	11	3	55.5195992899	4.44200820567	4.093258	1.31344749504	4432.33333333	1515.49361229
MAG121	42	0	UID1372	k__Bacteria;p__Firmicutes;c__Clostridia;o__Clostridiales	f__;g__;s__	35.6898698623	3.86345	3422	0.855340434068	11	3	42.0713282947	2.6717247835	2.89537033333	0.372489648479	2471.66666667	220.90772332
MAG122	43	0	UID1234	k__Bacteria;p__Firmicutes;c__Clostridia;o__Clostridiales;f__Ruminococcaceae	f__Peptostreptococcaceae;g__Clostridium;s__Clostridium_leptum	48.3692663371	2.0331	1906	0.87565441936	11	2	52.8718895631	2.68662050941	3.1393425	0.1307665	3428.5	554.5
MAG123	38	4	UID1248	k__Bacteria;p__Firmicutes;c__Clostridia;o__Clostridiales	unresolved	40.0825918921	4.091197	3906	0.867265741542	11	133	42.7523641735	4.38187611739	3.86984045865	1.14263087883	3641.36842105	1085.47168274
MAG124	36	0	UID1256	k__Bacteria;p__Firmicutes;c__Clostridia;o__Clostridiales;f__Lachnospiraceae	unresolved	52.2095398762	4.061208	3965	0.900403525257	11	33	43.3753330121	2.65662275624	3.62357087879	0.995753925875	3597.39393939	869.612241676
MAG125	41	0	UID1343	k__Bacteria;p__Firmicutes;c__Clostridia;o__Clostridiales;f__Peptostreptococcaceae_2;g__Clostridium_2	unresolved	51.1965419481	3.825028	3647	0.906273104406	11	21	47.8074078497	2.33910633631	5.72860757143	0.671493742004	5465.23809524	753.671388842
MAG126	43	0	UID2808	k__Bacteria;p__Bacteroidetes;c__Bacteroidia;o__Bacteroidales;f__Rikenellaceae;g__Alistipes	unresolved	57.0640294215	2.1218	1793	0.876942218871	11	5	56.0044423694	1.73798953462	3.2930716	0.509839783655	2945.6	327.026971365
MAG127	38	1	UID1286	k__Bacteria;p__Firmicutes;c__Clostridia;o__Clostridiales;f__Lachnospiraceae	g__Butyrivibrio	49.4577739119	5.022202	4601	0.894317273578	11	57	41.3563690466	3.61577540662	3.69219901754	0.740391471457	3354.10526316	626.597150424
MAG128	42	1	UID1286	k__Bacteria;p__Firmicutes;c__Clostridia;o__Clostridiales;f__Lachnospiraceae	g__Butyrivibrio	39.1140314898	4.957237	4479	0.865629180126	11	57	41.3563690466	3.61577540662	3.69219901754	0.740391471457	3354.10526316	626.597150424
MAG129	36	7	UID1286	k__Bacteria;p__Firmicutes;c__Clostridia;o__Clostridiales;f__Lachnospiraceae	g__Butyrivibrio	45.8394052883	3.565558	3269	0.895200695095	11	57	41.3563690466	3.61577540662	3.69219901754	0.740391471457	3354.10526316	626.597150424
MAG130	27	0	UID1287	k__Bacteria;p__Firmicutes;c__Clostridia;o__Clostridiales;f__Lachnospiraceae	g__;s__	42.4808961081	4.418266	4224	0.879643733537	11	41	41.4740233696	2.45910606149	4.001649	0.578309517785	3573.07317073	492.953636085
MAG131	41	2	UID1295	k__Bacteria;p__Firmicutes;c__Clostridia;o__Clostridiales;f__Lachnospiraceae	unresolved	50.9375805438	3.69393	3285	0.866396493707	11	33	41.4438493628	2.07038141269	4.13179754545	0.499126335219	3670.78787879	435.791217566
MAG132	43	0	UID2655	k__Bacteria;p__Bacteroidetes;c__Bacteroidia;o__Bacteroidales;f__Porphyromonadaceae_2	g__Barnesiella	50.6346961273	2.692722	2174	0.890839455391	11	3	45.0858076781	4.9662230383	3.45133666667	0.313208081975	2914.0	282.715404603
MAG133	43	0	UID1327	k__Bacteria;p__Firmicutes;c__Clostridia;o__Clostridiales;f__Lachnospiraceae	f__Peptostreptococcaceae;g__Clostridium;s__	46.9889235997	4.514317	4204	0.860961026884	11	16	41.0548798438	5.56356017227	2.8992334375	0.470855199286	2793.0	581.656148424
MAG134	42	0	UID2696	k__Bacteria;p__Bacteroidetes;c__Bacteroidia;o__Bacteroidales;f__Bacteroidaceae;g__Bacteroides	s__Bacteroides_xylanisolvens	42.4061676925	4.205552	3474	0.894658537096	11	24	41.7408566784	0.287058846474	6.336635375	0.4462079182	5173.29166667	446.333907066
MAG135	43	0	UID1339	k__Bacteria;p__Firmicutes;c__Clostridia;o__Clostridiales;f__Lachnospiraceae;g__Lachnobacterium	unresolved	44.6576905377	3.773103	3662	0.905890986808	11	4	36.6567465031	5.85465927399	2.8330625	0.366622208183	2761.0	542.373948489
MAG136	43	0	UID2809	k__Bacteria;p__Bacteroidetes;c__Bacteroidia;o__Bacteroidales;f__Rikenellaceae;g__Alistipes	unresolved	55.0009452908	1.962559	1705	0.916880460664	11	4	56.3168643784	1.81320764657	3.403595	0.513657129327	3083.5	196.472008184
MAG137	43	0	UID2809	k__Bacteria;p__Bacteroidetes;c__Bacteroidia;o__Bacteroidales;f__Rikenellaceae;g__Alistipes	unresolved	60.46672419	2.141355	1774	0.853656213005	11	4	56.3168643784	1.81320764657	3.403595	0.513657129327	3083.5	196.472008184
MAG138	43	0	UID2655	k__Bacteria;p__Bacteroidetes;c__Bacteroidia;o__Bacteroidales;f__Porphyromonadaceae_2	g__Barnesiella	50.2169171172	2.729624	2218	0.900663607882	11	3	45.0858076781	4.9662230383	3.45133666667	0.313208081975	2914.0	282.715404603
MAG139	43	0	UID2655	k__Bacteria;p__Bacteroidetes;c__Bacteroidia;o__Bacteroidales;f__Porphyromonadaceae_2	g__Barnesiella	52.0067662796	2.508912	2038	0.926923702386	11	3	45.0858076781	4.9662230383	3.45133666667	0.313208081975	2914.0	282.715404603
MAG140	43	0	UID1240	k__Bacteria;p__Firmicutes;c__Clostridia;o__Clostridiales;f__Ruminococcaceae;g__Ruminococcus	s__Ruminococcus_flavefaciens	46.3170474522	2.852522	2865	0.875433388419	11	8	46.2165251539	2.52667812802	3.7069445	0.696422523521	3346.125	662.876390721
MAG141	43	0	UID1109	k__Bacteria;p__Firmicutes;c__Clostridia;o__Clostridiales_2;f__Peptococcaceae	o__Clostridiales;g__Desulfonispora;s__Desulfonispora_thiosulfatigenes	48.9904424124	2.14154	2217	0.88909336272	11	10	43.9630104173	5.74753492269	3.9388458	1.20299724858	3861.2	1098.26270081
MAG142	41	0	UID1343	k__Bacteria;p__Firmicutes;c__Clostridia;o__Clostridiales;f__Peptostreptococcaceae_2;g__Clostridium_2	unresolved	50.7161979715	3.818539	3768	0.873539068214	11	21	47.8074078497	2.33910633631	5.72860757143	0.671493742004	5465.23809524	753.671388842
MAG143	43	0	UID1230	k__Bacteria;p__Firmicutes;c__Clostridia;o__Clostridiales	f__Oscillospiraceae;g__Oscillibacter;s__Oscillibacter_valericigenes	59.5052210312	3.745533	3722	0.875895633545	11	4	54.936132268	3.97742114581	4.187599	1.14915573988	4522.75	1321.7663135
MAG144	43	0	UID1286	k__Bacteria;p__Firmicutes;c__Clostridia;o__Clostridiales;f__Lachnospiraceae	g__Butyrivibrio	38.7961947824	4.791232	4307	0.838621882639	11	57	41.3563690466	3.61577540662	3.69219901754	0.740391471457	3354.10526316	626.597150424
MAG145	39	0	UID2654	k__Bacteria;p__Bacteroidetes;c__Bacteroidia;o__Bacteroidales	f__Porphyromonadaceae_2;g__Barnesiella	48.9043715428	2.671023	2270	0.91750239515	11	163	43.9810079425	3.66434051294	4.36625357669	1.41396204909	3725.02453988	1132.26471547
MAG146	42	0	UID1286	k__Bacteria;p__Firmicutes;c__Clostridia;o__Clostridiales;f__Lachnospiraceae	g__Butyrivibrio	45.0717155711	3.245355	2983	0.91313523482	11	57	41.3563690466	3.61577540662	3.69219901754	0.740391471457	3354.10526316	626.597150424
MAG147	31	0	UID1286	k__Bacteria;p__Firmicutes;c__Clostridia;o__Clostridiales;f__Lachnospiraceae	g__Butyrivibrio	46.6365538824	3.671153	3744	0.889570660771	11	57	41.3563690466	3.61577540662	3.69219901754	0.740391471457	3354.10526316	626.597150424
